-- phpMyAdmin SQL Dump
-- version 5.1.3
-- https://www.phpmyadmin.net/
--
-- Máy chủ: 127.0.0.1
-- Thời gian đã tạo: Th5 12, 2022 lúc 10:14 AM
-- Phiên bản máy phục vụ: 10.4.24-MariaDB
-- Phiên bản PHP: 7.4.28

SET SQL_MODE = "NO_AUTO_VALUE_ON_ZERO";
START TRANSACTION;
SET time_zone = "+00:00";


/*!40101 SET @OLD_CHARACTER_SET_CLIENT=@@CHARACTER_SET_CLIENT */;
/*!40101 SET @OLD_CHARACTER_SET_RESULTS=@@CHARACTER_SET_RESULTS */;
/*!40101 SET @OLD_COLLATION_CONNECTION=@@COLLATION_CONNECTION */;
/*!40101 SET NAMES utf8mb4 */;

--
-- Cơ sở dữ liệu: `ldstore`
--
CREATE DATABASE IF NOT EXISTS `ldstore` DEFAULT CHARACTER SET utf8 COLLATE utf8_vietnamese_ci;
USE `ldstore`;

-- --------------------------------------------------------

--
-- Cấu trúc bảng cho bảng `billdetail`
--

CREATE TABLE `billdetail` (
  `id` int(11) NOT NULL,
  `id_product` bigint(20) NOT NULL,
  `id_bills` int(11) NOT NULL,
  `quanty` int(11) NOT NULL,
  `total` double NOT NULL
) ENGINE=InnoDB DEFAULT CHARSET=utf8 COLLATE=utf8_vietnamese_ci;

--
-- Đang đổ dữ liệu cho bảng `billdetail`
--

INSERT INTO `billdetail` (`id`, `id_product`, `id_bills`, `quanty`, `total`) VALUES
(28, 176, 32, 1, 4190000),
(29, 206, 32, 1, 5571000),
(30, 190, 32, 1, 2090000),
(31, 184, 33, 1, 2673300),
(32, 174, 34, 1, 4190000),
(33, 176, 35, 1, 4190000),
(34, 202, 35, 1, 2003300),
(35, 206, 36, 1, 5571000),
(36, 190, 37, 2, 4180000),
(37, 184, 38, 1, 2673300),
(38, 187, 38, 1, 1990000),
(39, 199, 39, 1, 1690000),
(40, 206, 39, 1, 5571000),
(41, 202, 40, 1, 2003300);

-- --------------------------------------------------------

--
-- Cấu trúc bảng cho bảng `bills`
--

CREATE TABLE `bills` (
  `id` int(11) NOT NULL,
  `user` varchar(255) COLLATE utf8_vietnamese_ci NOT NULL,
  `phone` bigint(20) NOT NULL,
  `address` text COLLATE utf8_vietnamese_ci NOT NULL,
  `note` text COLLATE utf8_vietnamese_ci NOT NULL,
  `total` double NOT NULL,
  `quanty` int(11) NOT NULL,
  `status` varchar(255) COLLATE utf8_vietnamese_ci NOT NULL DEFAULT 'Đang chờ',
  `payments` varchar(255) COLLATE utf8_vietnamese_ci NOT NULL,
  `id_user` int(11) NOT NULL,
  `create_date` datetime NOT NULL DEFAULT current_timestamp(),
  `update_date` datetime NOT NULL DEFAULT current_timestamp() ON UPDATE current_timestamp()
) ENGINE=InnoDB DEFAULT CHARSET=utf8 COLLATE=utf8_vietnamese_ci;

--
-- Đang đổ dữ liệu cho bảng `bills`
--

INSERT INTO `bills` (`id`, `user`, `phone`, `address`, `note`, `total`, `quanty`, `status`, `payments`, `id_user`, `create_date`, `update_date`) VALUES
(32, 'Lê  Phong', 353825008, 'Hà nam', '', 11851000, 3, 'Đơn hàng đã hủy', 'Trả tiền mặt khi nhận hàng', 33, '2022-05-07 11:56:34', '2022-05-07 11:57:50'),
(33, 'Lê  Phong', 353825008, 'Hà nam', '', 2673300, 1, 'Đang chuẩn bị hàng', 'Trả tiền mặt khi nhận hàng', 33, '2022-05-07 11:56:43', '2022-05-07 11:58:26'),
(34, 'Lê  Phong', 353825008, 'Hà nam', '', 4190000, 1, 'Giao hàng thành công', 'Trả tiền mặt khi nhận hàng', 33, '2022-05-07 11:57:58', '2022-05-08 23:34:43'),
(35, 'Lê  Phong', 353825008, 'Hà nam', '', 6193300, 2, 'Đang chờ', 'Trả tiền mặt khi nhận hàng', 33, '2022-05-08 11:58:08', '2022-05-08 21:38:38'),
(36, 'Vũ văn doan', 353825008, 'Hà lội', '', 5571000, 1, 'Giao hàng thành công', 'Trả tiền mặt khi nhận hàng', 50, '2022-05-09 11:58:49', '2022-05-08 22:50:17'),
(37, 'Vũ văn doan', 353825008, 'Hà lội', '', 4180000, 2, 'Giao hàng thành công', 'Trả tiền mặt khi nhận hàng', 50, '2022-04-07 11:58:58', '2022-05-07 20:17:51'),
(38, 'Vũ văn doan', 353825008, 'Hà lội', '', 4663300, 2, 'Giao hàng thành công', 'Trả tiền mặt khi nhận hàng', 50, '2022-05-08 11:59:11', '2022-05-08 22:00:23'),
(39, 'Vũ văn doan', 353825008, 'Hà lội', '', 7261000, 2, 'Đang chờ', 'Trả tiền mặt khi nhận hàng', 50, '2022-05-08 11:59:21', '2022-05-08 21:17:29'),
(40, 'Vũ văn doan', 353825008, 'Hà lội', '', 2003300, 1, 'Giao hàng thành công', 'Trả tiền mặt khi nhận hàng', 50, '2022-05-11 15:29:44', '2022-05-11 15:33:13');

-- --------------------------------------------------------

--
-- Cấu trúc bảng cho bảng `comments`
--

CREATE TABLE `comments` (
  `id_cmt` int(11) NOT NULL,
  `id_user` int(11) NOT NULL,
  `id_product` bigint(20) NOT NULL,
  `content` text COLLATE utf8_vietnamese_ci NOT NULL,
  `create_date` datetime NOT NULL DEFAULT current_timestamp()
) ENGINE=InnoDB DEFAULT CHARSET=utf8 COLLATE=utf8_vietnamese_ci;

-- --------------------------------------------------------

--
-- Cấu trúc bảng cho bảng `news`
--

CREATE TABLE `news` (
  `id_news` int(11) NOT NULL,
  `title` varchar(255) COLLATE utf8_vietnamese_ci NOT NULL,
  `img` varchar(255) COLLATE utf8_vietnamese_ci NOT NULL,
  `content` text COLLATE utf8_vietnamese_ci NOT NULL,
  `create_date` datetime NOT NULL DEFAULT current_timestamp(),
  `create_by` varchar(255) COLLATE utf8_vietnamese_ci NOT NULL,
  `update_date` datetime NOT NULL DEFAULT current_timestamp() ON UPDATE current_timestamp(),
  `update_by` varchar(255) COLLATE utf8_vietnamese_ci DEFAULT NULL
) ENGINE=InnoDB DEFAULT CHARSET=utf8 COLLATE=utf8_vietnamese_ci;

--
-- Đang đổ dữ liệu cho bảng `news`
--

INSERT INTO `news` (`id_news`, `title`, `img`, `content`, `create_date`, `create_by`, `update_date`, `update_by`) VALUES
(2, 'Hướng dẫn chuyển giao diện sang tiếng Anh cho Xiaomi Huami Amazfit Nexo Verge 2', 'change-language-amazfit-nexo-10.jpg', '<p>Do mới chỉ được phân phối tại thị trường nội địa Trung Quốc, Amazfit Nexo Verge 2 mặc định sử dụng ngôn ngữ Trung Quốc để hiển thị ngay khi kết nối . Tuy nhiên, chiếc smartwatch nền Android 8.1 nên có hỗ trợ ngôn ngữ tiếng Anh ẩn . Bạn đọc có thể theo dõi hướng dẫn dưới đây để có thể chuyển sang sử dụng giao diện tiếng Anh bằng cách vào Cài đặt ẩn Android trên máy .</p>\r\n\r\n<h3><strong>Bước 1:</strong></h3>\r\n\r\n<p>Ấn phím Power/Menu ở cạnh phải của máy và truy cập vào phần cài đặt có biểu tượng bánh răng như hình dưới</p>\r\n\r\n<p><img alt=\"\" src=\"https://ldstore.vn/wp-content/uploads/2019/09/change-language-amazfit-nexo-1.jpg\" style=\"height:800px; width:800px\" /></p>\r\n\r\n<h3><strong>Bước 2:</strong></h3>\r\n\r\n<p>Kéo xuống dưới cùng menu và chọn tuỳ chọn với biểu tượng &lt;/&gt; như hình</p>\r\n\r\n<p><img alt=\"\" src=\"https://ldstore.vn/wp-content/uploads/2019/09/change-language-amazfit-nexo-2.jpg\" style=\"height:800px; width:800px\" /></p>\r\n\r\n<h3><strong>Bước 3:</strong></h3>\r\n\r\n<p>Tiếp tục kéo xuống dưới cùng và ấn vào tuỳ chọn &ldquo;<strong>关于</strong>&rdquo;</p>\r\n\r\n<p><img alt=\"\" src=\"https://ldstore.vn/wp-content/uploads/2019/09/change-language-amazfit-nexo-3.jpg\" style=\"height:800px; width:800px\" /></p>\r\n\r\n<h3><strong>Bước 4:</strong></h3>\r\n\r\n<p>Kéo xuống dưới và chọn tuỳ chọn &ldquo;<strong>法律声明</strong>&ldquo;, ấn liên tục 7 đến 8 lần, mục đích là để kích hoạt các tuỳ chọn nhà phát triển tương tự như trên các thiết bị Android. Sau khi kích hoạt lên, sẽ hiện tuỳ chọn mới được khoanh vùng màu xanh như hình dưới. Ấn vào tuỳ chọn đó.</p>\r\n\r\n<p><img alt=\"\" src=\"https://ldstore.vn/wp-content/uploads/2019/09/change-language-amazfit-nexo-4.jpg\" style=\"height:800px; width:800px\" /></p>\r\n\r\n<h3><strong>Bước 5:</strong></h3>\r\n\r\n<p>Ở trang cài đặt tiếp theo, chọn tuỳ chọn &ldquo;<strong>原系统设置</strong>&rdquo; như hình, bạn sẽ được đưa tới giao diện cài đặt của Android nguyên bản</p>\r\n\r\n<p><img alt=\"\" src=\"https://ldstore.vn/wp-content/uploads/2019/09/change-language-amazfit-nexo-5.jpg\" style=\"height:800px; width:800px\" /></p>\r\n\r\n<h3><strong>Bước 6:</strong></h3>\r\n\r\n<p>Kéo xuống và chọn tuỳ chọn &ldquo;<strong>系统</strong>&rdquo; như hình</p>\r\n\r\n<p><img alt=\"\" src=\"https://ldstore.vn/wp-content/uploads/2019/09/change-language-amazfit-nexo-6.jpg\" style=\"height:800px; width:800px\" /></p>\r\n\r\n<h3><strong>Bước 7:</strong></h3>\r\n\r\n<p>Ấn vào tuỳ chọn đầu tiên</p>\r\n\r\n<p><img alt=\"\" src=\"https://ldstore.vn/wp-content/uploads/2019/09/change-language-amazfit-nexo-7.jpg\" style=\"height:800px; width:800px\" /></p>\r\n\r\n<h3><strong>Bước 8:</strong></h3>\r\n\r\n<p>Lựa chọn tuỳ chọn có chữ &ldquo;<strong>语言</strong>&rdquo; như hình</p>\r\n\r\n<p><img alt=\"\" src=\"https://ldstore.vn/wp-content/uploads/2019/09/change-language-amazfit-nexo-8.jpg\" style=\"height:800px; width:800px\" /></p>\r\n\r\n<p>&nbsp;</p>\r\n\r\n<h3><strong>Bước 9:</strong></h3>\r\n\r\n<p>Kéo xuống dưới cùng ấn và tuỳ chọn hình dấu + để thêm ngôn ngữ mới. Chọn ngôn ngữ tiếng Anh, bạn cũng có thể chọn tiếng Việt nếu muốn, tuy nhiên không phải ứng dụng nào cũng sẽ có giao diện tiếng Việt do đó chúng ta sẽ chọn tiếng Anh vẫn hơn</p>\r\n\r\n<p><img alt=\"\" src=\"https://ldstore.vn/wp-content/uploads/2019/09/change-language-amazfit-nexo-9.jpg\" style=\"height:800px; width:800px\" /></p>\r\n\r\n<h3><strong>Bước 10:</strong></h3>\r\n\r\n<p>Một khi đã chọn được ngôn ngữ, thiết bị sẽ quay trở lại giao diện trước đó. Bây giờ bạn chỉ cần giữ phần khoanh vùng màu đỏ (như hình) và kéo tuỳ chọn tiếng Anh lên trên đầu (lên trước ngôn ngữ Trung)</p>\r\n\r\n<p><img alt=\"\" src=\"https://ldstore.vn/wp-content/uploads/2019/09/change-language-amazfit-nexo-10.jpg\" style=\"height:800px; width:800px\" /></p>\r\n\r\n<h3><strong>Bước 11:</strong></h3>\r\n\r\n<p>Khởi động lại thiết bị bằng cách giữ phím Power/Menu ở cạnh phải</p>\r\n\r\n<h3><strong>Bước 12:</strong></h3>\r\n\r\n<p>Đã xong rồi đó anh em :3</p>\r\n\r\n<p><img alt=\"\" src=\"https://ldstore.vn/wp-content/uploads/2019/09/change-language-amazfit-nexo-11.jpg\" style=\"height:800px; width:800px\" /></p>\r\n\r\n<p>Sắp tới sẽ có phiên bản quốc tế và có rom quốc tế anh em có thể chuyển đổi dễ dàng. Tham khảo sản phẩm đồng hồ thông minh smartwatch Xiaomi&nbsp;</p>\r\n', '2022-04-26 14:40:27', 'phongabc334', '2022-05-04 23:29:56', 'phongabc334'),
(3, 'Hướng dẫn cài thêm mặt đồng hồ – Watchface cho Huami Amazfit GTR cùng IPhone / IOS', '8-scaled.jpg', '<p>Xiaomi Huami Amazfit GTR tuy chỉ mới ra mắt được 1 tháng nhưng đã có cộng đồng sử dụng và hỗ trợ vô cùng đông đảo. Đặc biệt về Custom mặt đồng hồ &ndash; Watchface được cộng đồng người dùng chia sẻ rất nhiều. 1 Ngày trung bình có tới 100-200 watchface dành cho Huami Amazfit GTR ra đời.</p>\r\n\r\n<p>Đây là hướng dẫn từ LD STORE để cài thêm mặt đồng hồ custom ngoài nguồn online của hãng dành cho anh em mua sản phẩm Huami Amazfit GTR tại LD STORE.</p>\r\n\r\n<p><img alt=\"\" src=\"https://ldstore.vn/wp-content/uploads/2019/09/1-1024x780.jpg\" style=\"height:780px; width:1024px\" /></p>\r\n\r\n<p>Bước 1 : Trên Iphone bạn đã kết nối Amazfit GTR cùng với App Amazfit Watch</p>\r\n\r\n<p>Vào App Store trên Iphone tải về ứng dụng : &ldquo;AmazTools&rdquo; , Tải xong chọn mục &ldquo;Altro&rdquo;</p>\r\n\r\n<p><img alt=\"\" src=\"https://ldstore.vn/wp-content/uploads/2019/09/2-1024x910.png\" style=\"height:910px; width:1024px\" /></p>\r\n\r\n<p>Chọn &ldquo;New Connection&rdquo; , chọn dòng &ldquo;Setup&rdquo; , &ldquo;Sreach Device&rdquo; Bấm chọn dòng &ldquo;Amazfit GTR&rdquo; và Continue và hiện dòng Done có tích xanh là bạn đã kết nối OK với App AmazTools</p>\r\n\r\n<p><img alt=\"\" src=\"https://ldstore.vn/wp-content/uploads/2019/09/3-1024x910.png\" style=\"height:910px; width:1024px\" /></p>\r\n\r\n<p>Bước 2 : AE vào trình duyệt SAFARI trên Iphone ( Chú ý : chỉ làm được trên đúng Safari )</p>\r\n\r\n<p>Truy cập website : <a href=\"https://amazfitwatchfaces.com/\" target=\"_blank\">https://amazfitwatchfaces.com/</a></p>\r\n\r\n<p>Tìm mặt đồng hồ ở khu vực GTR 47/42MM nhé anh em</p>\r\n\r\n<p><img alt=\"\" src=\"https://ldstore.vn/wp-content/uploads/2019/09/4-1024x910.png\" style=\"height:910px; width:1024px\" /></p>\r\n\r\n<p>Chọn mặt đồng hồ mà mình thích chú ý nhìn kỹ dành cho phiên bản 47mm và 42mm nhé , Chọn bấm tải về &ldquo;Download&rdquo;. Phần này ae chú ý chọn ngôn ngữ tiếng anh thì có những đoạn &ldquo;en&rdquo; thì tải phiên bản đó về.</p>\r\n\r\n<p><img alt=\"\" src=\"https://ldstore.vn/wp-content/uploads/2019/09/5-1024x910.png\" style=\"height:910px; width:1024px\" /></p>\r\n\r\n<p>Tải xong sẽ hiển thị 1 tab trình duyệt và bấm &rdquo; Mở trong &ldquo;<strong>AmazTools</strong>&ldquo;</p>\r\n\r\n<p><img alt=\"\" src=\"https://ldstore.vn/wp-content/uploads/2019/09/6-1024x910.png\" style=\"height:910px; width:1024px\" /></p>\r\n\r\n<p>Lúc này sẽ bị đẩy sang App AmazTools , bạn bấm Install và đợi chờ khoảng 5 phút , khá là lâu la đó ae ạ :))</p>\r\n\r\n<p>Lúc này sẽ hiện trên đồng hồ Download Dial cũng lâu luôn</p>\r\n\r\n<p><img alt=\"\" src=\"https://ldstore.vn/wp-content/uploads/2019/09/7-1024x683.jpg\" style=\"height:683px; width:1024px\" /></p>\r\n\r\n<p>Thành quả thành công rồi ae nè</p>\r\n\r\n<p><img alt=\"\" src=\"https://ldstore.vn/wp-content/uploads/2019/09/8-1024x780.jpg\" style=\"height:780px; width:1024px\" /></p>\r\n\r\n<p>Kho mặt đồng hồ watchface luôn được cập nhật liên tục từ người dùng tự thiết kế và đặc biệt hoàn toàn miễn phí. Nhưng có nhiều mặt do dung lượng lên đến hơn 1MB so với mặt hãng chỉ 200-300kb nên sẽ có vài mặt hiển thị hơi lag nhẹ.</p>\r\n\r\n<p>&nbsp;</p>\r\n', '2022-04-26 15:16:15', 'phongabc334', '2022-05-04 23:29:56', 'phongabc334'),
(4, 'Hướng dẫn fix lỗi font tiếng việt cho Huami Amazfit GTR Phiên bản Quốc Tế', 'huongdan4.png', '<p>Hiện tại do còn mới nên Huami chưa thêm ngôn ngữ tiếng việt , thư viện font tiếng việt cho <a href=\"https://ldstore.vn\">Đồng hồ thông minh</a> <a href=\"https://ldstore.vn/xiaomi-amazfit-gtr-42mm/\">Huami Amazfit GTR</a> phiên bản quốc tế. Đây là cách để hiển thị đầy đủ thông báo tiếng việt có dấu 1 cách dễ dàng cho anh em.</p>\r\n\r\n<p>Đối với phiên bản nội địa chỉ có ngôn ngữ Trung Quốc , và lỗi thông báo tiếng việt có dấu vẫn chưa có cách fix được. Nên anh em mua thì chú ý tránh mua nhầm bản nội địa thị trường trung quốc.</p>\r\n\r\n<p>Hướng dẫn này thực hiện trên điện thoại IOS Iphone , đối với Điện thoại Android làm tương tự.</p>\r\n\r\n<hr />\r\n<p><strong>BƯỚC 1</strong> : Chuyển ngôn ngữ điện thoại sang tiếng Ý &ndash; Italy &ndash; Italiano như hình</p>\r\n\r\n<p><img alt=\"\" src=\"https://ldstore.vn/wp-content/uploads/2019/09/huongdan1-1024x910.jpg\" style=\"height:910px; width:1024px\" /></p>\r\n\r\n<hr />\r\n<p><strong>Bước 2</strong> : Vào ứng dụng Amazfit Watch trên điện thoại và đợi sẽ có tự động bản cập nhật thư viện Font Library , cái này rất cần thiết để fix được font tiếng việt. Tiếp theo đó sẽ cập nhật các resouce library , firmware cho phù hợp với quốc gia Italy. ( Nếu không tự cập nhật chú ý bấm check cập nhật )</p>\r\n\r\n<p><img alt=\"\" src=\"https://ldstore.vn/wp-content/uploads/2019/09/huongdan2-1024x772.png\" style=\"height:772px; width:1024px\" /></p>\r\n\r\n<p><img alt=\"\" src=\"https://ldstore.vn/wp-content/uploads/2019/09/huongdan3-1024x683.jpg\" style=\"height:683px; width:1024px\" /></p>\r\n\r\n<hr />\r\n<p><strong>Bước 3</strong> : Đợi cập nhật hết toàn bộ , vào lại ngôn ngữ điện thoại chuyển sang ngôn ngữ mà mình thường sử dụng như Tiếng Việt hoặc Tiếng Anh. Sau đó kết vào lại ứng dụng Amazfit Watch đợi đồng bộ kết nối lại là thành công</p>\r\n\r\n<p><img alt=\"\" src=\"https://ldstore.vn/wp-content/uploads/2019/09/huongdan4-1024x770.png\" style=\"height:770px; width:1024px\" /></p>\r\n\r\n<p><img alt=\"\" src=\"https://ldstore.vn/wp-content/uploads/2019/09/48615541757_10c52ff74a_o-e1567679899402-768x1024.jpg\" style=\"height:1024px; width:768px\" /></p>\r\n\r\n<p>Thông báo tiếng việt có dấu đã hiển thị đầy đủ , Anh em tham khảo mua <a href=\"#\" target=\"_blank\">Xiaomi Huami Amazfit GTR</a> phiên bản quốc tế có đầy đủ 47mm , 42mm tại LD STORE</p>\r\n', '2022-04-26 15:20:00', 'phongabc334', '2022-05-04 23:29:56', 'phongabc334'),
(5, 'Samsung ra mắt Galaxy Watch Active 2 phiên bản Under Armor vào 5/8/2019', '33749-original.jpg', '<div class=\"entry-content\">\r\n		\r\n<p>Phiên bản smartwatch Galaxy Active 2 mới sẽ chứng kiến ​​sự hợp tác với hãng thể thao cực kì nổi tiếng Under Armor và Samsung </p>\r\n\r\n\r\n\r\n<span id=\"more-14010\"></span>\r\n\r\n\r\n\r\n<div class=\"wp-block-image\"><figure class=\"aligncenter\"><img loading=\"lazy\" width=\"720\" height=\"405\" src=\"https://ldstore.vn/wp-content/uploads/2019/08/33749-original.jpg\" alt=\"\" class=\"wp-image-14011\" srcset=\"https://ldstore.vn/wp-content/uploads/2019/08/33749-original.jpg 720w, https://ldstore.vn/wp-content/uploads/2019/08/33749-original-600x338.jpg 600w, https://ldstore.vn/wp-content/uploads/2019/08/33749-original-300x169.jpg 300w\" sizes=\"(max-width: 720px) 100vw, 720px\"><figcaption>Hình ảnh rò rỉ Galaxy Watch Active Under Armor </figcaption></figure></div>\r\n\r\n\r\n\r\n<p>Theo thông tin rò rỉ ,  Samsung sẽ công bố một chiếc smartwatch mới vào ngày 5 tháng 8, mà chúng tôi hoàn toàn mong đợi sẽ là&nbsp;Galaxy Watch Active 2&nbsp;được đồn đại trong thời gian gần đây &nbsp;.&nbsp;Tuy nhiên, có vẻ như thông báo sẽ chứng kiến công ty Hàn Quốc công bố hợp tác với Under Armor cho phiên bản đặc biệt của chiếc smartwatch mới của mình.<br> Theo lời của Evan Blass&nbsp;đáng tin cậy&nbsp;và phản ứng của anh ấy với danh sách độc quyền của chúng tôi về những gì mong đợi từ Watch Active 2, có vẻ như chúng tôi có cái nhìn đầu tiên về mô hình phiên bản Under Armor.<br></p>\r\n\r\n\r\n\r\n<p>Với tên gọi chính thức Galaxy Watch Active phiên bản Under Armor, mà chúng tôi độc quyền tiết lộ sẽ là một trong ba mô hình được giới thiệu.&nbsp;Có vẻ như chúng ta có thể mong đợi một số mặt đồng hồ mang nhãn hiệu Under Armor ít nhất là một phần nằm trong thiết bị.<br> Rất có khả năng phiên bản Active 2 này sẽ có tất cả các tính năng tương tự trên phiên bản tiêu chuẩn bình thường.&nbsp;Vì vậy, thiết kế chống nước, tích hợp GPS, tính năng ECG cạnh tranh với Apple Watch và viền cảm ứng để cung cấp một cách khác để điều hướng hệ điều hành Tizen OS của Samsung.</p>\r\n\r\n\r\n\r\n<p> Under Armor đã làm việc với Samsung trên các smartwatch trước đó, tải trước bộ ứng dụng thể dục (như MapMyRun và Endomondo) lên các thiết bị của công ty.&nbsp;Under Armour cũng đã tham gia vào thị trường smartwatch khi  ra mắt thiết bị theo dõi thể dục UA Band như một phần của nền tảng HealthBox tồn tại trong thời gian ngắn.<br> Có vẻ như đặt cược an toàn rằng các ứng dụng UA đó cũng sẽ xuất hiện ở đây, nhưng chúng tôi rất muốn biết liệu sự hợp tác có vượt ra ngoài các ứng dụng được tải sẵn và một số mặt đồng hồ mang nhãn hiệu UA hay không.<br> Đây sẽ là lần đầu tiên Samsung cung cấp phiên bản đặc biệt của một trong những chiếc smartwatch của mình.&nbsp;Đây không phải là lần đầu tiên một công ty hợp tác với một thương hiệu thể thao lớn.&nbsp;Tất nhiên, có một phiên bản Apple Watch Nike, trong khi Fitbit cũng có phiên bản Ionic Adidas.</p>\r\n\r\n\r\n\r\n<p></p>\r\n		</div>', '2022-04-26 15:20:55', 'phongabc334', '2022-05-04 23:29:56', ''),
(6, 'Hướng dẫn chuyển giao diện sang tiếng Anh cho Xiaomi Huami Amazfit Nexo Verge 2', '4d7f9e74de6ff79ddb95313263cbee96_9000487141075976766.jpg', '<p>Do mới chỉ được phân phối tại thị trường nội địa Trung Quốc, Amazfit Nexo Verge 2 mặc định sử dụng ngôn ngữ Trung Quốc để hiển thị ngay khi kết nối . Tuy nhiên, chiếc smartwatch nền Android 8.1 nên có hỗ trợ ngôn ngữ tiếng Anh ẩn . Bạn đọc có thể theo dõi hướng dẫn dưới đây để có thể chuyển sang sử dụng giao diện tiếng Anh bằng cách vào Cài đặt ẩn Android trên máy .</p>\r\n\r\n<h3><strong>Bước 1:</strong></h3>\r\n\r\n<p>Ấn phím Power/Menu ở cạnh phải của máy và truy cập vào phần cài đặt có biểu tượng bánh răng như hình dưới</p>\r\n\r\n<p><img alt=\"\" src=\"https://ldstore.vn/wp-content/uploads/2019/09/change-language-amazfit-nexo-1.jpg\" style=\"height:800px; width:800px\" /></p>\r\n\r\n<h3><strong>Bước 2:</strong></h3>\r\n\r\n<p>Kéo xuống dưới cùng menu và chọn tuỳ chọn với biểu tượng &lt;/&gt; như hình</p>\r\n', '2022-05-04 23:02:48', 'phongabc334', '2022-05-04 23:26:01', 'phongabc334');

-- --------------------------------------------------------

--
-- Cấu trúc bảng cho bảng `products`
--

CREATE TABLE `products` (
  `id` bigint(20) NOT NULL,
  `id_hangsx` int(11) NOT NULL,
  `name` varchar(255) COLLATE utf8_vietnamese_ci DEFAULT NULL,
  `price` double NOT NULL,
  `sale` int(11) NOT NULL,
  `title` varchar(255) COLLATE utf8_vietnamese_ci NOT NULL,
  `detail` longtext COLLATE utf8_vietnamese_ci NOT NULL,
  `os` varchar(255) COLLATE utf8_vietnamese_ci NOT NULL,
  `cpu` varchar(255) COLLATE utf8_vietnamese_ci NOT NULL,
  `screen` varchar(255) COLLATE utf8_vietnamese_ci NOT NULL,
  `size` varchar(255) COLLATE utf8_vietnamese_ci NOT NULL,
  `weight` varchar(255) COLLATE utf8_vietnamese_ci NOT NULL,
  `waterproof` varchar(255) COLLATE utf8_vietnamese_ci NOT NULL,
  `mic` varchar(255) COLLATE utf8_vietnamese_ci NOT NULL,
  `pin` varchar(255) COLLATE utf8_vietnamese_ci NOT NULL,
  `strap` varchar(255) COLLATE utf8_vietnamese_ci NOT NULL,
  `create_date` datetime NOT NULL DEFAULT current_timestamp(),
  `create_by` varchar(255) COLLATE utf8_vietnamese_ci NOT NULL,
  `update_date` datetime NOT NULL DEFAULT current_timestamp() ON UPDATE current_timestamp(),
  `update_by` varchar(255) COLLATE utf8_vietnamese_ci DEFAULT NULL,
  `img` varchar(255) COLLATE utf8_vietnamese_ci DEFAULT NULL,
  `soluong` int(11) DEFAULT 0,
  `daban` int(11) DEFAULT 0
) ENGINE=InnoDB DEFAULT CHARSET=utf8 COLLATE=utf8_vietnamese_ci;

--
-- Đang đổ dữ liệu cho bảng `products`
--

INSERT INTO `products` (`id`, `id_hangsx`, `name`, `price`, `sale`, `title`, `detail`, `os`, `cpu`, `screen`, `size`, `weight`, `waterproof`, `mic`, `pin`, `strap`, `create_date`, `create_by`, `update_date`, `update_by`, `img`, `soluong`, `daban`) VALUES
(167, 1, 'Amazfit T-Rex Pro', 3290000, 0, 'Bảo hành chính hãng : 12 tháng', '<h2>Thông tin đồng hồ thông minh smartwatch Xiaomi Huami Amazfit T-Rex Pro</h2>\r\n\r\n<p><img alt=\"\" src=\"https://ldstore.vn/wp-content/uploads/2021/06/2.jpg\" style=\"height:966px; width:2019px\" /></p>\r\n\r\n<p>Xiaomi Huami ra mắt Amazfit T-Rex Pro, chiếc&nbsp;smartwatch mới thiết kế hầm hố bền bỉ hơn khi tiếp xúc với nhiều điều kiện môi trường khắc nghiệt và cả đi bơi, lặn,&hellip; Chiếc smartwatch này còn có khả năng chống áp lực nước với độ sâu 100 mét (10 ATM), không nhiều hãng smartwatch hiện này có tính năng này.</p>\r\n\r\n<p><strong>VIDEO REVIEW ĐÁNH GIÁ AMAZFIT T-REX PRO&nbsp;</strong></p>\r\n\r\n<p>&nbsp;</p>\r\n\r\n<hr />\r\n<h3><strong>Thiết kế &amp; độ bền</strong></h3>\r\n\r\n<p>Amazfit T-Rex Pro có phần màn hình mặt kính tròn kích thước 1.3 inch (360&times;360), sử dụng tấm nền AMOLED và hiển thị Always-On. Bao quanh phần case đồng hồ được làm bằng nhựa polycarbonate rất dầy, các nút bấm chức năng bằng kim loại, và phần vòng bao quanh màn hình cũng là kim loại luôn. Như vậy màn hình sẽ nằm lõm phía dưới, giúp giảm tải va đập tiếp xúc với mặt kính.<img alt=\"\" src=\"https://ldstore.vn/wp-content/uploads/2021/06/section-1-bg2-1.jpg\" style=\"height:1125px; width:2084px\" /></p>\r\n\r\n<p>Tiêu chuẩn quân đội MIL-STD 810G vượt qua 15 bài kiểm qua quân sự khắc nghiệt&nbsp;và tổng thể smartwatch khá nặng &ndash; 59g chưa gồm dây đeo. Ngoài ra đồng hồ có khả năng chống được áp suất dưới nước 10 ATM, và dĩ nhiên khi đeo T-Rex Pro thì chẳng phải lo các điều kiện môi trường bụi, nước mưa,&hellip;</p>\r\n\r\n<p>Dây đeo sillicon của đồng hồ sẽ thích hợp với nhiều bề mặt da tay, không gây dị ứng, ngứa.</p>\r\n\r\n<p><img alt=\"\" src=\"https://ldstore.vn/wp-content/uploads/2021/06/chedotapluyen.jpg\" style=\"height:1500px; width:1500px\" /></p>\r\n\r\n<p><img alt=\"\" src=\"https://ldstore.vn/wp-content/uploads/2021/06/section-2-bg3.jpg\" style=\"height:1103px; width:2079px\" /></p>\r\n\r\n<hr />\r\n<h3>Phần mềm cải tiến nhiều tính năng</h3>\r\n\r\n<p>Amazfit T-Rex Pro đo được oxy trong máu (SpO2), ngoài ra đồng hồ sử dụng cảm biến mới BioTracker 2 PPG để cho khả năng đo các thông số về tim mạch được chính xác hơn, có thêm tính năng kiểm soát giấc ngủ,. Về thể dục, thể thao thì đồng hồ hỗ trợ 100 bài tập khác nhau.</p>\r\n\r\n<p><img alt=\"\" src=\"https://ldstore.vn/wp-content/uploads/2021/06/section-2-bg6-1.jpg\" style=\"height:1261px; width:2072px\" /></p>\r\n\r\n<p>Pin của T-Rex Pro có dung lượng 390 mAh, cho khả năng sử dụng lên đến 18 ngày trong một lần sạc đầy. Hđh của đồng hồ là RTOS tương tự như các sản phẩm của Fitbit, OS này rất cơ bản, phản hồi nhanh, và có đầy đủ các nhu cầu cơ bản cho người dùng như nhận thông báo, cuộc gọi, báo thức,&hellip;</p>\r\n\r\n<p><img alt=\"\" src=\"https://ldstore.vn/wp-content/uploads/2021/06/background1.jpg\" style=\"height:1449px; width:1415px\" /><img alt=\"\" src=\"https://ldstore.vn/wp-content/uploads/2021/06/boi10atm.jpg\" style=\"height:1408px; width:1415px\" /><img alt=\"\" src=\"https://ldstore.vn/wp-content/uploads/2021/06/spo2.jpg\" style=\"height:1500px; width:1500px\" /><img alt=\"\" src=\"https://ldstore.vn/wp-content/uploads/2021/06/section-3-bg2-1.jpg\" style=\"height:1464px; width:2084px\" /><img alt=\"\" src=\"https://ldstore.vn/wp-content/uploads/2021/06/thongbao.jpg\" style=\"height:1500px; width:1500px\" />&nbsp;<img alt=\"\" src=\"https://ldstore.vn/wp-content/uploads/2021/06/section-3-bg1.jpg\" style=\"height:1218px; width:2560px\" /></p>\r\n\r\n<hr />\r\n<h2><strong>Mua ngay đồng hồ thông minh Huami Amazfit T-Rex Pro tại LD STORE !</strong></h2>\r\n\r\n<p>Đồng hồ thông minh Amazfit T-REX Pro&nbsp; với thiết kế sang trọng cùng hiệu năng mượt mà, thời lượng pin dài và chống nước tốt hỗ trợ bơi lội, tập luyện thể thao. Nếu bạn đang tìm kiếm smartwatch đồng hồ thông minh như vậy, hãy đến LD STORE để mua ngay đồng hồ Amazfit T-Rex Pro với mức giá ưu đãi cùng thời gian bảo hành lâu dài.</p>\r\n', 'Amazfit OS', 'Bluetooth 5.0, GPS GLONASS', '	 HD Amoled 1,3inch', '47 x 47,7 x 13,5mm', '59g', '10 ATM', '', '', '', '2022-05-07 01:33:50', 'phongabc334', '2022-05-07 01:33:50', NULL, 'trexpro-xanh-ldstore-1-1.png', 999, 0),
(168, 7, 'Apple Watch 38MM Bản Thép Series 1', 4990000, 20, '', '<p>Hệ thống thông báo thông minh sẽ giúp bạn có động lực hoàn thành các vòng tròn vận động mỗi ngày. Apple Watch sẽ đưa ra các cập nhật theo dõi quá trình hoạt động của cở thể, sau đó thúc đẩy bạn theo đuổi mục tiêu đề ra.</p>\r\n\r\n<h3><strong>Chia sẻ</strong></h3>\r\n\r\n<p>Chia sẻ và so sánh các vòng tròn hoạt động với bạn bè và gia đình để luôn được thúc tiến. Hoặc, cạnh tranh bằng cách xem ai là người đạt được mục tiêu hoặc hoàn thành vòng tròn vận động trước. Nhận được các thông báo về quá trình tập luyện của bạn bè và dễ dàng tương tác với thông báo ngay từ đồng hồ.</p>\r\n\r\n<h3><strong>Thành tích</strong></h3>\r\n\r\n<p>Khi bạn đạt được mục tiêu đề ra hoặc thực hiện các bài tập một cách tốt nhất có thể, Apple Watch &nbsp;sẽ gởi lời chúc mừng. Với mỗi thành tích mà bạn đạt được, bạn sẽ nhận được một danh hiệu để chia sẻ với bạn bè.</p>\r\n\r\n<h3><strong>Phù hợp với những người khuyết tật</strong></h3>\r\n\r\n<p>Apple Watch Series 2 sẽ sử dụng những kỹ thuật và bản đồ chuyên biệt để có thể theo dõi chính xác các thông số vận động từ những người dùng đi xe lăn. Và có hai bài tập dành riêng cho những người khuyết tật ngồi xe lăn.</p>\r\n\r\n<h3><strong>Ứng dụng Breathe</strong></h3>\r\n\r\n<p>Ứng dụng Breathe sẽ đưa ra hình ảnh chuyển động nhẹ nhàng, đẹp và hướng dẫn người dùng các bài tập thở sâu. Tính năng Time to Breath sẽ nhắc nhở bạn luyện tập thở để thư giãn cơ thể, tĩnh tâm đầu óc mỗi ngày.</p>\r\n\r\n<h3><strong>Các ứng dụng sức khoẻ</strong></h3>\r\n\r\n<p>Các ứng dụng sức khoẻ sẽ đóng vai trò nhắc nhở bạn luôn giữ thói quen ăn uống và thói quen hoạt động. Apple Watch Series 2 cho phép bạn thêm nhiều loại dữ liệu phù hợp với bản thân.</p>\r\n\r\n<p><img alt=\"\" src=\"https://cdn.techzones.vn/Data/Sites/1/media/8585/psCT/20170216/3820370/screen_shot_2017_03_03_at_2_33_03_am.png\" /></p>\r\n\r\n<h3><strong>Ứng dụng Health trên iPhone</strong></h3>\r\n\r\n<p>Bên cạnh việc hiển thị dữ liệu đo nhịp tim, ứng dụng Health trên iPhone còn lưu trữ các thông tin thu thập được từ những ứng dụng sức khoẻ hay theo dõi vận động, vì vậy bạn có thể xem lại các dữ liệu này một cách dễ dàng và nhanh chóng. Bạn cũng có thể tuỳ chỉnh bảng thông số hoặc xem chi tiết hơn các dữ liệu cá nhân để xem xu hướng tập luyện của cơ thể theo thời gian.</p>\r\n\r\n<h3><strong>Ứng dụng và thông báo</strong></h3>\r\n\r\n<p>Apple Watch Series 2 sẽ luôn giúp bạn được cập nhật tin tức, kết nối liên tục trong ngày. Bộ vi xử lý lõi kép hoàn toàn mới và bộ vi xử lý đồ hoạ mạnh mẽ hơn sẽ giúp việc chạy ứng dụng cũng như các hiệu ứng nhanh và mượt mà. Với watchOS 3, các ứng dụng sẽ được mở lên ngay lập tức với các thông tin tức thì. Và với màn hình có độ sáng gấp đôi, bạn sẽ dễ dàng đọc thông tin trên Apple Watch Series 2 dễ dàng ngay cả dưới ánh sáng mặt trời.</p>\r\n\r\n<h3><strong>Mặt đồng hồ</strong></h3>\r\n\r\n<p><img alt=\"\" src=\"https://cdn.techzones.vn/Data/Sites/1/media/8585/psCT/20170216/3820370/screen_shot_2017_03_03_at_2_34_13_am.png\" /></p>\r\n\r\n<p>Thiết lập các thông tin từ những ứng dụng bạn yêu thích lên mặt đồng hồ một cách dễ dàng, sau đó chạm để ngay lập tức mở app đó. Bạn cũng có thể nhanh chóng chuyển đổi nhiều mặt đồng hồ khác nhau bằng cách vuốt qua.</p>\r\n\r\n<h3><strong>Dock</strong></h3>\r\n\r\n<p>Nhấn nút ở cạnh bên của đồng hồ để truy cập vào Dock, sau đó nhanh chóng chọn ứng dụng mà bạn ưa thích. Ứng dụng sẽ mở ngay lập tức và cập nhật liên tục, vì vậy các thông tin mới nhất &ndash; như tin tức, thời tiết và tin chứng khoán &ndash; sẽ luôn ở đây khi bạn cần.</p>\r\n\r\n<h3><strong>Siri</strong></h3>\r\n\r\n<p>Kiểm tra tin nhắn mới hay email, kiểm tra mình đã sắp hoàn thành vòng tròn vận động hay chưa, Siri sẽ nhanh chóng giúp bạn thực hiệu mọi điều một cách dễ dàng &ndash; chỉ cần đưa đồng hồ lên, nói &ldquo;Hey Siri&rdquo; và bắt đầu đưa ra yêu cầu.</p>\r\n', '', '', '', '', '', '', '', '', '', '2022-05-07 01:35:02', 'phongabc334', '2022-05-07 11:53:44', NULL, 'aw4.jpg', 999, 0),
(169, 7, 'Apple Watch 42MM Bản Thép Series 1', 5490000, 20, '', '<p>Hệ thống thông báo thông minh sẽ giúp bạn có động lực hoàn thành các vòng tròn vận động mỗi ngày. Apple Watch sẽ đưa ra các cập nhật theo dõi quá trình hoạt động của cở thể, sau đó thúc đẩy bạn theo đuổi mục tiêu đề ra.</p>\r\n\r\n<h3><strong>Chia sẻ</strong></h3>\r\n\r\n<p>Chia sẻ và so sánh các vòng tròn hoạt động với bạn bè và gia đình để luôn được thúc tiến. Hoặc, cạnh tranh bằng cách xem ai là người đạt được mục tiêu hoặc hoàn thành vòng tròn vận động trước. Nhận được các thông báo về quá trình tập luyện của bạn bè và dễ dàng tương tác với thông báo ngay từ đồng hồ.</p>\r\n\r\n<h3><strong>Thành tích</strong></h3>\r\n\r\n<p>Khi bạn đạt được mục tiêu đề ra hoặc thực hiện các bài tập một cách tốt nhất có thể, Apple Watch &nbsp;sẽ gởi lời chúc mừng. Với mỗi thành tích mà bạn đạt được, bạn sẽ nhận được một danh hiệu để chia sẻ với bạn bè.</p>\r\n\r\n<h3><strong>Phù hợp với những người khuyết tật</strong></h3>\r\n\r\n<p>Apple Watch Series 2 sẽ sử dụng những kỹ thuật và bản đồ chuyên biệt để có thể theo dõi chính xác các thông số vận động từ những người dùng đi xe lăn. Và có hai bài tập dành riêng cho những người khuyết tật ngồi xe lăn.</p>\r\n\r\n<h3><strong>Ứng dụng Breathe</strong></h3>\r\n\r\n<p>Ứng dụng Breathe sẽ đưa ra hình ảnh chuyển động nhẹ nhàng, đẹp và hướng dẫn người dùng các bài tập thở sâu. Tính năng Time to Breath sẽ nhắc nhở bạn luyện tập thở để thư giãn cơ thể, tĩnh tâm đầu óc mỗi ngày.</p>\r\n\r\n<h3><strong>Các ứng dụng sức khoẻ</strong></h3>\r\n\r\n<p>Các ứng dụng sức khoẻ sẽ đóng vai trò nhắc nhở bạn luôn giữ thói quen ăn uống và thói quen hoạt động. Apple Watch Series 2 cho phép bạn thêm nhiều loại dữ liệu phù hợp với bản thân.</p>\r\n\r\n<p><img alt=\"\" src=\"https://cdn.techzones.vn/Data/Sites/1/media/8585/psCT/20170216/3820370/screen_shot_2017_03_03_at_2_33_03_am.png\" /></p>\r\n\r\n<h3><strong>Ứng dụng Health trên iPhone</strong></h3>\r\n\r\n<p>Bên cạnh việc hiển thị dữ liệu đo nhịp tim, ứng dụng Health trên iPhone còn lưu trữ các thông tin thu thập được từ những ứng dụng sức khoẻ hay theo dõi vận động, vì vậy bạn có thể xem lại các dữ liệu này một cách dễ dàng và nhanh chóng. Bạn cũng có thể tuỳ chỉnh bảng thông số hoặc xem chi tiết hơn các dữ liệu cá nhân để xem xu hướng tập luyện của cơ thể theo thời gian.</p>\r\n\r\n<h3><strong>Ứng dụng và thông báo</strong></h3>\r\n\r\n<p>Apple Watch Series 2 sẽ luôn giúp bạn được cập nhật tin tức, kết nối liên tục trong ngày. Bộ vi xử lý lõi kép hoàn toàn mới và bộ vi xử lý đồ hoạ mạnh mẽ hơn sẽ giúp việc chạy ứng dụng cũng như các hiệu ứng nhanh và mượt mà. Với watchOS 3, các ứng dụng sẽ được mở lên ngay lập tức với các thông tin tức thì. Và với màn hình có độ sáng gấp đôi, bạn sẽ dễ dàng đọc thông tin trên Apple Watch Series 2 dễ dàng ngay cả dưới ánh sáng mặt trời.</p>\r\n\r\n<h3><strong>Mặt đồng hồ</strong></h3>\r\n\r\n<p><img alt=\"\" src=\"https://cdn.techzones.vn/Data/Sites/1/media/8585/psCT/20170216/3820370/screen_shot_2017_03_03_at_2_34_13_am.png\" /></p>\r\n\r\n<p>Thiết lập các thông tin từ những ứng dụng bạn yêu thích lên mặt đồng hồ một cách dễ dàng, sau đó chạm để ngay lập tức mở app đó. Bạn cũng có thể nhanh chóng chuyển đổi nhiều mặt đồng hồ khác nhau bằng cách vuốt qua.</p>\r\n\r\n<h3><strong>Dock</strong></h3>\r\n\r\n<p>Nhấn nút ở cạnh bên của đồng hồ để truy cập vào Dock, sau đó nhanh chóng chọn ứng dụng mà bạn ưa thích. Ứng dụng sẽ mở ngay lập tức và cập nhật liên tục, vì vậy các thông tin mới nhất &ndash; như tin tức, thời tiết và tin chứng khoán &ndash; sẽ luôn ở đây khi bạn cần.</p>\r\n\r\n<h3><strong>Siri</strong></h3>\r\n\r\n<p>Kiểm tra tin nhắn mới hay email, kiểm tra mình đã sắp hoàn thành vòng tròn vận động hay chưa, Siri sẽ nhanh chóng giúp bạn thực hiệu mọi điều một cách dễ dàng &ndash; chỉ cần đưa đồng hồ lên, nói &ldquo;Hey Siri&rdquo; và bắt đầu đưa ra yêu cầu.</p>\r\n', '', '', '', '', '', '', '', '', '', '2022-05-07 01:35:49', 'phongabc334', '2022-05-07 11:53:44', NULL, 'aw5.jpg', 999, 0),
(170, 7, 'Apple Watch Sport Series 3 GPS 38mm – Sport Band MTEY2VN/A ', 8000000, 6, 'Bảo hành chính hãng Apple Service , FPT toàn quốc \r\nMáy mới 100% , Nguyên Seal , Chưa Active \r\nChính hãng FPT phân phối ', '<h3>Đánh giá chi tiết Apple Watch Series 3 GPS, 38mm viền nhôm dây cao su trắng MTEY2VN/A</h3>\r\n\r\n<p>Apple Watch Series 3 GPS, 38mm viền nhôm dây cao su trắng MTEY2VN/A&nbsp;&ndash; chiếc đồng hồ mang thương hiệu&nbsp;<strong>Apple</strong>, sở hữu một thiết kế hiện đại và trẻ trung, phù hợp cho các hoạt động thể thao hay đi picnic. Bạn sẽ phải ngạc nhiên trước những tính năng mà chiếc đồng hồ này đang sở hữu.</p>\r\n\r\n<h3><strong>Thiết kế đơn giản, tinh tế</strong></h3>\r\n\r\n<p><img src=\"https://www.imore.com/sites/imore.com/files/styles/xlarge_wm_blw/public/field/image/2017/10/apple-watch-ceramic-black-vs-white-sport-band.jpg?itok=MO4lALIY\" style=\"height:1200px; width:1600px\" /></p>\r\n\r\n<p>Tương đồng với phiên bản trước,&nbsp;<strong>Apple Watch Series 3 GPS, 38mm viền nhôm dây cao su trắng MTEY2VN/A</strong>&nbsp;được thiết kế với mặt kính được đẩy lên cao và có phần thân máy dày. Phần mặt trên của máy được chế tác bằng chất liệu nhôm, mạ bạc tỉ mỉ, trông rất tinh tế và cứng cáp. Phần dây đeo của đồng hồ, được làm bằng cao su flo-carbon, có bề mặt sắc sảo, độ bền cao, ít bị rít khi tiếp xúc với nước. Bên cạnh đó, máy được trang bị 2 hệ thống loa có khả năng chống nước, cùng bộ đo cảm biến nhịp tim đặt bên mặt dưới đồng hồ.</p>\r\n\r\n<p>&nbsp;</p>\r\n\r\n<h3><strong>Cấu hình nâng cấp.</strong></h3>\r\n\r\n<p><img src=\"https://www.imore.com/sites/imore.com/files/styles/xlarge_wm_blw/public/field/image/2017/02/apple-watch-ceramic-snow.jpg?itok=5mxBgh78\" style=\"height:1200px; width:1600px\" /></p>\r\n\r\n<p>Ở phiên bản này,&nbsp;<strong>Apple Watch Series 3 GPS, 38mm viền nhôm dây cao su trắng MTEY2VN/A</strong>&nbsp;sử dụng chip xử lý lõi kép mang tên S3 2 nhân, nhanh hơn 0.7 lần so với phiên bản cũ, cùng với GPU mới hơn, cung cấp một hiệu năng mãnh mẽ hơn so với các thế hệ trước, bạn có thể mở ứng dụng Night Sky Scan ở tốc độ hình ảnh 60 fps một cách ổn định.</p>\r\n\r\n<p>&nbsp;</p>\r\n\r\n<h3><strong>Màn hình hiển thị tốt.</strong></h3>\r\n\r\n<p><img src=\"https://ksassets.timeincuk.net/wp/uploads/sites/54/2017/10/P1030204-1024x685.jpg\" style=\"height:685px; width:1024px\" /></p>\r\n\r\n<p>&nbsp;</p>\r\n\r\n<p><strong>Apple Watch Series 3 GPS, 38mm viền nhôm dây cao su trắng MTEY2VN/A</strong>&nbsp;được trang bị màn hình cảm ứng Force Touch tương tự như cảm ứng lực trên Iphone, với tấm nền AMOLED có độ phân giải 272 x 340 pixels, cùng&nbsp; mặt kính Ion-X với độ bền gấp 3 lần so với các mặt kính thông thường. Điểm đáng chú ý vẫn là độ sáng của màn hình có thể lên đến 1000 nits.</p>\r\n\r\n<h3>&nbsp;</h3>\r\n\r\n<h3><strong>Khả năng chống nước</strong></h3>\r\n\r\n<p><img src=\"https://cdn.swimswam.com/wp-content/uploads/2016/09/Swim.com-Apple-Watch-5.jpg\" style=\"height:2160px; width:3236px\" /></p>\r\n\r\n<p>&nbsp;</p>\r\n\r\n<p><strong>Apple Watch Series 3 GPS, 38mm viền nhôm dây cao su trắng MTEY2VN/A</strong>&nbsp;có khả năng chống nước lên đến 50 mm, giúp bạn có thể thoải mái bơi lội hay tập luyện các môn thể thao dưới nước dễ dàng. Chính vì khả năng chống nước tốt hơn nên&nbsp;<strong>Apple</strong>&nbsp;cũng thiết kế loa ngoài&nbsp; của đồng hồ một cách đặc biệt để có thể phát ra âm thanh tốt nhất khi ngâm nước, cụ thể hơn, cấu trúc vật lý của loa ngoài này sẽ đẩy nước ra khỏi màng loa.</p>\r\n\r\n<p>&nbsp;</p>\r\n\r\n<h3><strong>Tích hợp GPS và LTE/4G.</strong></h3>\r\n\r\n<p><img src=\"https://9to5mac.com/wp-content/uploads/sites/6/2017/10/apple-watch-series-3-speed-test.jpg?quality=82&amp;strip=all\" style=\"height:1080px; width:1920px\" /></p>\r\n\r\n<p>&nbsp;</p>\r\n\r\n<p><strong>Apple Watch Series 3 GPS, 38mm viền nhôm dây cao su trắng MTEY2VN/A</strong>&nbsp;được tích hợp sẵn hệ thống định vị GPS. Bạn có thể đeo&nbsp;<strong>Apple Watch</strong>&nbsp;chạy bộ và để điện thoại ở nhà mà vẫn có đầy đủ những thông số như quãng đường chạy, bản đồ, hay cập nhật thông tin thời tiết dựa vào vị trí địa lý. Điểm đặc biệt của dòng sản phẩm thế hệ thứ 3 này là được tích hợp mạng LTE/4G, điều này giúp người dùng có thể stream nhạc và gọi điện thoại mà không cần phải kết nối với&nbsp;<strong>iPhone.</strong></p>\r\n\r\n<h3><strong>Thời lượng pin lâu dài.</strong></h3>\r\n\r\n<h3>Với thời lượng pin trung bình lên đến 18 tiếng, bạn có thể sử dụng&nbsp;<strong>Apple Watch Series 3 GPS, 38mm viền nhôm dây cao su trắng MTEY2VN/A</strong>&nbsp;với những hoạt động: 90 lần xem giờ, 90 lần nhận thông báo, 45 phút sử dụng ứng dụng và 30 phút nghe nhạc qua kết nối Bluetooth. Quả thực, thời lượng pin cũng có thể coi là một điểm rất ấn tượng ở chiếc đồng này.</h3>\r\n', '', '', '', '', '', '', '', '', '', '2022-05-07 01:37:01', 'phongabc334', '2022-05-07 01:37:01', NULL, 'apple-watch-series3-ldstore-2.jpg', 999, 0),
(171, 7, 'Apple Watch Sport Series 3 GPS 42mm – Sport Band MTF32VN/A ', 9000000, 6, 'Bảo hành chính hãng Apple Service , FPT toàn quốc \r\nMáy mới 100% , Nguyên Seal , Chưa Active \r\nChính hãng FPT phân phối ', '<h3>Đánh giá chi tiết Apple Watch Series 3 GPS, 42mm viền nhôm dây cao su đen MTF32VN/A</h3>\r\n\r\n<p><strong>Apple Watch Series 3 GPS 42 mm, viền nhôm, dây cao su đen</strong>&nbsp;là chiếc đồng hồ mang thương hiệu&nbsp;<strong>Apple</strong>, sở hữu một thiết kế hiện đại và trẻ trung, phù hợp cho các hoạt động thể thao hay đi picnic. Bạn sẽ phải ngạc nhiên trước những tính năng mà chiếc đồng hồ này đang sở hữu.</p>\r\n\r\n<h3><strong>Thiết kế đơn giản, tinh tế</strong></h3>\r\n\r\n<p>&nbsp;</p>\r\n\r\n<p><img src=\"https://boygeniusreport.files.wordpress.com/2017/05/apple-watch-series-2.jpg?quality=98&amp;strip=all&amp;w=782\" style=\"height:534px; width:782px\" /></p>\r\n\r\n<p>&nbsp;</p>\r\n\r\n<p>Tương đồng với phiên bản trước,&nbsp;<strong>Apple Watch Series 3 GPS 42 mm, viền nhôm, dây cao su đen</strong>&nbsp;được thiết kế với mặt kính được đẩy lên cao, kiểu dáng đơn giản hiện đại. Phần mặt trên của máy được chế tác bằng chất liệu nhôm, mạ bạc tỉ mỉ, trông rất tinh tế và cứng cáp. Phần dây đeo của đồng hồ, được làm bằng cao su flo-carbon, có bề mặt sắc sảo, độ bền cao, ít bị rít khi tiếp xúc với nước.</p>\r\n\r\n<h3><strong>Màn hình hiển thị tốt</strong></h3>\r\n\r\n<p>&nbsp;</p>\r\n\r\n<p><img src=\"https://www.imore.com/sites/imore.com/files/styles/xlarge_wm_blw/public/field/image/2017/10/apple-watch-gray-edition-review-hero.jpg?itok=0KIzHynT\" style=\"height:1200px; width:1600px\" /></p>\r\n\r\n<p>&nbsp;</p>\r\n\r\n<p><strong>Apple Watch Series 3 GPS 42 mm, viền nhôm, dây cao su đen</strong>&nbsp;được trang bị màn hình cảm ứng 1.65 inch, mặt đồng hồ cảm ứng trang bị mặt kính cường lực Sapphire crystal glass giúp bảo vệ mặt kính chống trầy xước tốt và hiển thị tốt dù là dưới ánh mặt trời.</p>\r\n\r\n<h3><strong>Khả năng chống nước</strong></h3>\r\n\r\n<p>&nbsp;</p>\r\n\r\n<p>&nbsp;</p>\r\n\r\n<p><img src=\"https://image.viettimes.vn/w800/Uploaded/2019/cplahuo/2018_09_12/091416applewatchreview_1280x720_yyxl.jpg\" style=\"height:450px; width:800px\" /></p>\r\n\r\n<p><strong>Apple Watch Series 3 GPS 42 mm, viền nhôm, dây cao su đen</strong>&nbsp;có khả năng chống nước lên đến 50 mm, giúp bạn có thể thoải mái bơi lội hay tập luyện các môn thể thao dưới nước dễ dàng.</p>\r\n\r\n<h3><strong>Tích hợp GPS và LTE/4G</strong></h3>\r\n\r\n<p>&nbsp;</p>\r\n\r\n<p><img src=\"https://cdn2.macworld.co.uk/cmsdata/reviews/3663715/apple_watch_series_305.jpg\" style=\"height:900px; width:1600px\" /></p>\r\n\r\n<p>&nbsp;</p>\r\n\r\n<p><strong>Apple Watch Series 3 GPS 42 mm, viền nhôm, dây cao su đen</strong>&nbsp;được tích hợp sẵn hệ thống định vị GPS. Bạn có thể đeo&nbsp;<strong>Apple Watch</strong>&nbsp;chạy bộ và để điện thoại ở nhà mà vẫn có đầy đủ những thông số như quãng đường chạy, bản đồ, hay cập nhật thông tin thời tiết dựa vào vị trí địa lý. Điểm đặc biệt của dòng sản phẩm thế hệ thứ 3 này là được tích hợp mạng LTE/4G, điều này giúp người dùng có thể stream nhạc và gọi điện thoại mà không cần phải kết nối với iPhone.</p>\r\n\r\n<h3><strong>Thời lượng pin lâu dài</strong></h3>\r\n\r\n<p><img src=\"https://9to5mac.com/wp-content/uploads/sites/6/2018/02/apple-watch-series-3-cellular-battery-life.jpg?quality=82&amp;strip=all&amp;w=1500\" style=\"height:750px; width:1500px\" /></p>\r\n\r\n<p>&nbsp;</p>\r\n\r\n<p>Với thời lượng pin trung bình lên đến 18 tiếng, bạn có thể sử dụng&nbsp;<strong>Apple Watch Series 3 GPS 42 mm, viền nhôm, dây cao su đen</strong>&nbsp;với những hoạt động: 90 lần xem giờ, 90 lần nhận thông báo, 45 phút sử dụng ứng dụng và 30 phút nghe nhạc qua kết nối Bluetooth. Quả thực, thời lượng pin cũng có thể coi là một điểm rất ấn tượng ở chiếc đồng này.</p>\r\n', '', '', '', '', '', '', '', '', '', '2022-05-07 01:37:52', 'phongabc334', '2022-05-07 11:53:44', NULL, 'apple-watch-series3-42mm-ldstore-2.jpg', 999, 0),
(172, 2, 'Asus Zenwatch 3 Bạc', 2990000, 33, 'Bảo hành  : 1 tháng', '<h2><strong>ĐÁNH GIÁ CHI TIẾT ĐỒNG HỒ THÔNG MINH ASUS ZENWATCH 3 &ndash; SMARTWATCH ĐẸP NHẤT MỌI THỜI ĐẠI</strong><img alt=\"\" src=\"https://ldstore.vn/wp-content/uploads/2019/05/crown_watch.png\" style=\"height:1432px; width:1920px\" />Asus ZenWatch 3 lấy cảm hứng từ những chiếc đồng hồ xa xỉ, với lối thiết kế tỉ mỉ, tinh tế và chất lượng hoàn thiện cao cấp. ZenWatch 3 cung cấp thông tin về thời gian một cách nhanh chóng, thiết bị cũng được trang bị các tính năng hữu ích hỗ trợ sức khoẻ, cùng với thiết kế tuỳ biến, tất cả sẽ giúp cho bạn có một cuộc sống dễ dàng hơn. Bên cạnh đó, công nghệ sạc nhanh tiên tiến sẽ giúp cho Asus ZenWatch 3 hoạt động lâu hơn, và bạn sẽ luôn được cập nhật liên tục.</h2>\r\n\r\n<hr />\r\n<h3>Video đánh giá bình chọn Asus Zenwatch 3 nằm trong top 5 đồng hồ thông minh giá rẻ dưới 2 triệu đáng mua nhất</h3>\r\n\r\n<p>&nbsp;</p>\r\n\r\n<hr />\r\n<h2><strong>ASUS ZENWATCH 3 Thiết kế, chất liệu</strong></h2>\r\n\r\n<p><img alt=\"\" src=\"https://ldstore.vn/wp-content/uploads/2019/05/crown.jpg\" style=\"height:2495px; width:2560px\" /></p>\r\n\r\n<p>Với sự chi tiết và tinh tế, cùng thiết kế kinh điển của những chiếc đồng hồ cơ khí, Asus ZenWatch 3 là chiếc smartwatch mà bạn sẽ muốn đeo trên tay mỗi ngày. Với mặt đồng hồ tựa như nhật thực, Asus ZenWatch 3 thực sự rất mới lạ và mạnh mẽ với nhiều tính năng cao cấp.</p>\r\n\r\n<p><img alt=\"\" src=\"https://ldstore.vn/wp-content/uploads/2019/05/asus_zenwatch3_feat.jpg\" style=\"height:844px; width:1500px\" /></p>\r\n\r\n<p>Asus ZenWatch 3 sở hữu phần vỏ làm từ thép không gỉ 316L (loại dùng trong các đồ trang sức), điều này khiến cho ZenWatch 3 trở thành một phụ kiện xa xỉ, không chỉ với hình dáng đẹp mà còn vô cùng thoải mái khi đeo trên tay. Phần vỏ thép trên ZenWatch 3 không chỉ cao cấp, mà còn cứng hơn 82% so với thép thông thường, giúp nó trở nên bền bỉ hơn. Bên cạnh đó, phần viền benzel được làm theo dạng các đường cắt kim cương, cùng các chi tiết được làm vô cùng tỉ mỉ, Asus ZenWatch 3 là một chiếc đồng hồ rất sang trọng.</p>\r\n\r\n<p><img alt=\"\" src=\"https://ldstore.vn/wp-content/uploads/2019/05/asus-zenwatch-3-2.jpg\" style=\"height:750px; width:720px\" /></p>\r\n\r\n<p>Asus ZenWatch 3 có tổng cộng 3 nút bấm, nằm trên phần viền benzel cực kỳ mỏng, ba nút này sẽ đảm nhiệm vai trò điều khiển các tác vụ một cách nhanh chóng. Nút bấm trên cùng sẽ giúp bạn truy cập nhanh vào tính năng hay ứng dụng ưa thích. Nút ở giữa có thể được tuỳ biến truy cập vào nhiều chế độ như: Interactive, Ambient, Theater, hay Brightness Boost. Nút bấm dưới cùng sẽ giúp bạn bật chế độ Eco Mode để kéo dài thời lượng pin.</p>\r\n\r\n<hr />\r\n<h2><strong>ASUS ZENWATCH 3 Tuỳ biến mặt đồng hồ</strong></h2>\r\n\r\n<p>Asus ZenWatch 3 có hình nền được tuỳ biến khác nhau và hơn 50 mặt đồng hồ, tất cả sẽ giúp bạn dễ dàng tạo ra một chiếc đồng hồ phù hợp với phong cách thời trang. Bạn cũng có thể tự tạo riêng cho mình một mặt đồng hồ tuỳ vào ý thích.</p>\r\n\r\n<p><img alt=\"\" src=\"https://ldstore.vn/wp-content/uploads/2019/05/asus-zenwatch-3-ldstore-5.jpg\" style=\"height:750px; width:720px\" /></p>\r\n\r\n<hr />\r\n<h2><strong>ASUS ZENWATCH 3&nbsp;</strong><strong>Trợ lý thông minh</strong></h2>\r\n\r\n<p><img alt=\"\" src=\"https://ldstore.vn/wp-content/uploads/2019/05/asus-zenwatch-3-1.jpg\" style=\"height:750px; width:720px\" /></p>\r\n\r\n<p>Asus ZenWatch 3 là một trợ lý thông minh có thể tự động sắp xếp, tổ chức thông tin quan trọng, xác định được những gì bạn cần và khi nào bạn cần, ZenWatch 3 sẽ gợi ý cho bạn trước khi bạn muốn hỏi. Nhận tin nhắn từ bạn bè, thông tin thời tiết một cách nhanh chóng với trợ lý thông minh trên ZenWatch 3.</p>\r\n\r\n<hr />\r\n<h2><strong>ASUS ZENWATCH 3 &ndash; ZenWatch Manager</strong></h2>\r\n\r\n<p><img alt=\"\" src=\"https://ldstore.vn/wp-content/uploads/2019/05/Screen-Shot-2019-05-20-at-18.09.23.png\" style=\"height:692px; width:1796px\" /></p>\r\n\r\n<p>Ứng dụng ZenWatch Manager sẽ giúp bạn dễ dàng tuỳ biến mặt đồng hồ với các thông tin phù hợp. Từ ZenWatch Manager, người dùng có thể tuỳ biến mặt đồng hồ với ba widget khác nhau, nhằm hiển thị nhanh các thông tin thực sự quan trọng.</p>\r\n\r\n<hr />\r\n<h2><strong>ASUS ZENWATCH 3 &ndash; ZenFit</strong></h2>\r\n\r\n<p><img alt=\"\" src=\"https://ldstore.vn/wp-content/uploads/2019/05/asus-zenwatch-3-3.jpg\" style=\"height:750px; width:720px\" /></p>\r\n\r\n<p>Ứng dụng ZenFit hoàn toàn mới sẽ tự động đếm số bước chân, khuyến khích người dùng vận động, giúp người dùng đánh giá lại quá trình tập luyện của bản thân. ZenFit cũng theo dõi rất nhiều hoạt động thể thao như chạy bộ, đi bộ, chống đẩy, bên cạnh đó nó cũng giúp ta thiết lập mục tiêu để có động lực hơn.Với tiêu chuẩn IP67, Asus ZenWatch 3 có thể chống nước và có thể ngâm nước ở độ sâu 1m trong vòng 30 phút.</p>\r\n\r\n<hr />\r\n<h3><strong>ASUS ZENWATCH 3 Hộp đựng tinh tế</strong></h3>\r\n\r\n<p><img alt=\"\" src=\"https://ldstore.vn/wp-content/uploads/2019/05/box-asus-zenwatch-3.jpg\" style=\"height:1552px; width:2560px\" /></p>\r\n\r\n<p>Asus ZenWatch 3 đi kèm với một chiếc hộp đựng rất đẹp và tinh tế, bên trong còn có một đế đứng dùng để treo đồng hồ lên khi bạn không dùng.</p>\r\n\r\n<hr />\r\n<h2><strong>ASUS ZENWATCH 3&nbsp;</strong><strong>Thời lượng pin</strong></h2>\r\n\r\n<p><img alt=\"\" src=\"https://ldstore.vn/wp-content/uploads/2019/05/battery_bottom.jpg\" style=\"height:1431px; width:1920px\" /></p>\r\n\r\n<p>Asus ZenWatch sở hữu vi xử lý Qualcomm Snapdragon 2100, con chip tiêu thụ điện năng ít hơn 25% so với thế hệ trước là Snapdragon 400. Ngoài ra, với chế độ Eco Mode &ndash; kích hoạt nhanh bằng nút bấm phía dưới &ndash; thời lượng pin trên ZenWatch 3 sẽ được kéo dài hơn 200%. Asus ZenWatch 3 cũng được trang bị tính năng sạc nhanh HyperCharge, với khả năng sạc 60% trong 15 phút, và cổng kết nối từ tính giúp việc sạc trở nên đơn giản hơn. Để giúp ZenWatch 3 hoạt động lâu hơn nữa, một viên pin (tuỳ chọn) với 40% dung lượng sẽ được cung cấp kèm.</p>\r\n\r\n<hr />\r\n<p><img alt=\"\" src=\"https://ldstore.vn/wp-content/uploads/2019/05/asus-zenwatch-3-ldstore.vn-3.jpg\" style=\"height:720px; width:1280px\" /></p>\r\n\r\n<p><img alt=\"\" src=\"https://ldstore.vn/wp-content/uploads/2019/05/asus-zenwatch-3-ldstore.vn-4.jpg\" style=\"height:1000px; width:1500px\" /></p>\r\n', '', '', '', '', '', '', '', '', '', '2022-05-07 01:38:48', 'phongabc334', '2022-05-07 11:53:44', 'phongabc334', 'asus-zenwatch-3-bac-ldstore-1.jpg', 999, 0),
(174, 1, 'Đồng hồ thông minh Amazfit GTR 3', 4190000, 0, 'Hàng có sẵn\r\nPhiên bản quốc tế hàng chính hãng Việt Nam\r\nBảo hành 12 tháng', '<p><strong>Thông tin Amazfit GTR 3 &ndash; chiếc smartwatch từ Amazfit có thời lượng pin ấn tượng nhất</strong></p>\r\n\r\n<p>Phiên bản tiêu chuẩn GTR 3 cũng sở hữu thiết kế giống với bản Pro, nhưng trang bị màn hình kích thước 1.39 inch nhỏ hơn, mật độ điểm ảnh cũng như độ sáng được giữ nguyên. Khác biệt tới từ viền màn hình của bản tiêu chuẩn dày hơn bản Pro. Mặt đồng hồ bao gồm hơn 150 mặt khác nhau. Amazfit GTR 3 có hai tuỳ chọn màu sắc đen và xám với dây đeo silicon.</p>\r\n\r\n<p><img alt=\"\" src=\"https://ldstore.vn/wp-content/uploads/2021/11/Amazfit-GTR-3-ldstore-9.png\" style=\"height:1440px; width:2560px\" /></p>\r\n\r\n<p><img alt=\"\" src=\"https://ldstore.vn/wp-content/uploads/2021/11/Amazfit-GTR-3-ldstore-1.png\" style=\"height:1200px; width:2000px\" /></p>\r\n\r\n<p><img alt=\"\" src=\"https://ldstore.vn/wp-content/uploads/2021/11/Amazfit-GTR-3-ldstore-3.png\" style=\"height:1200px; width:2560px\" /><img alt=\"\" src=\"https://ldstore.vn/wp-content/uploads/2021/11/Amazfit-GTR-3-ldstore-8.png\" style=\"height:1206px; width:2560px\" /><img alt=\"\" src=\"https://ldstore.vn/wp-content/uploads/2021/11/Amazfit-GTR-3-ldstore-6.jpg\" style=\"height:580px; width:700px\" />&nbsp;<img alt=\"\" src=\"https://ldstore.vn/wp-content/uploads/2021/11/Amazfit-GTR-3-ldstore-2.jpg\" style=\"height:518px; width:800px\" />&nbsp;<img alt=\"\" src=\"https://ldstore.vn/wp-content/uploads/2021/11/Amazfit-GTR-3-ldstore-4.jpg\" style=\"height:563px; width:700px\" />&nbsp;<img alt=\"\" src=\"https://ldstore.vn/wp-content/uploads/2021/11/Amazfit-GTR-3-ldstore-5.jpg\" style=\"height:574px; width:700px\" />&nbsp;<img alt=\"\" src=\"https://ldstore.vn/wp-content/uploads/2021/11/Amazfit-GTR-3-ldstore-7.jpg\" style=\"height:580px; width:700px\" />&nbsp;<img alt=\"\" src=\"https://ldstore.vn/wp-content/uploads/2021/11/Amazfit-GTR-3-ldstore-10.png\" style=\"height:800px; width:800px\" /></p>\r\n\r\n<p>Amazfit GTR 3 sẽ sớm về Việt Nam và lên kệ tại LD STORE với mức giá tốt có hỗ trợ trả góp qua thẻ tín dụng lãi suất 0% toàn quốc.</p>\r\n', 'Amazfit OS', 'Bluetooth 5.0', 'Màn 1,39inch Amoled Ultra HD', '45.8×45.8×10.8mm', '', '	 5ATM ( có thể bơi lội )', '', '', '', '2022-05-07 01:43:12', 'phongabc334', '2022-05-07 11:57:58', NULL, '9cfff2c4b993ecea7b5ac0f71d555ad9-2_27d8abd3-a096-4ed6-b086-f6f468ee218e_1.jpeg', 998, 1),
(175, 1, 'Đồng hồ thông minh Amazfit GTR 3 Pro', 5490000, 0, 'Hàng có sẵn\r\nPhiên bản quốc tế hàng chính hãng Việt Nam\r\nBảo hành 12 tháng', '<h2><strong>Thông tin Amazfit GTR 3 Pro &ndash; chiếc smartwatch từ Amazfit có nghe gọi đàm thoại và thời lượng pin ấn tượng&nbsp;</strong></h2>\r\n\r\n<p>Đồng hồ thông minh Amazfit GTR 3 Pro 3 cũng sở hữu thiết kế sang trọng và cao cấp trang bị màn hình kích thước 1.39 inch nhỏ hơn, mật độ điểm ảnh cũng như độ sáng được giữ nguyên. Khác biệt tới từ viền màn hình của bản tiêu chuẩn dày hơn bản Pro. Mặt đồng hồ bao gồm hơn 150 mặt khác nhau. Amazfit GTR 3 Pro có hai tuỳ chọn màu sắc đen black và vàng rosegold.</p>\r\n\r\n<p><img alt=\"\" src=\"https://ldstore.vn/wp-content/uploads/2021/12/amazfit-gtr-3-pro-ldstore-2.jpg\" style=\"height:800px; width:1200px\" /></p>\r\n\r\n<h3><strong>Thiết kế đồng hồ Amazfit GTR 3 Pro&nbsp;</strong></h3>\r\n\r\n<p>Amazfit GTR 3 Pro vẫn duy trì phong cách cổ điển của GTR 2. Mặt trước là màn hình lớn, hiện thậm chí còn lớn hơn với 1,45 inch so với 1,39 inch của mẫu năm ngoái.</p>\r\n\r\n<p>Màn hình lớn được bọc trong một lớp vỏ nhôm giúp duy trì trọng lượng nhẹ 32g.&nbsp;Bạn sẽ tìm thấy hai nút đẩy được đặt ở vị trí hai giờ và bốn giờ, cả hai đều có thể được lập trình lại làm phím tắt cho bất kỳ ứng dụng nào trên đồng hồ.Nút xoay có thể được sử dụng để nhanh chóng điều hướng giao diện đồng thời hoạt động như một phím tắt.</p>\r\n\r\n<p>Digital Crown ở mặt bên của đồng hồ là mới.&nbsp;Thanh đẩy đầu tiên có thể được xoay để dễ dàng cuộn qua các phần tử giao diện người dùng như ngăn kéo ứng dụng và thậm chí qua các danh sách dài trong các ứng dụng cụ thể như duyệt qua lịch sử tập luyện của bạn.&nbsp;Tôi thấy bộ đẩy xoay là một bổ sung tiện lợi và nhanh chóng quen với việc sử dụng nó.</p>\r\n\r\n<p>Ở những nơi khác, đáy của đồng hồ được làm bằng nhựa.&nbsp;Được đặt trên nền hoàn thiện bằng nhôm nhẹ hơn, mặt sau bằng nhựa này có thể được nhìn thấy khi nhìn vào đồng hồ từ bên cạnh.&nbsp;Nó dễ bị va chạm và đổ mồ hôi sau một buổi tập luyện.&nbsp;Amazfit sẽ làm tốt việc chế tạo toàn bộ vỏ từ nhôm để có một tùy chọn đồng hồ cao cấp</p>\r\n', '	 Amazfit OS', 'Bluetooth 5.0', '1,45inch Amoled', '45.8×45.8×10.8mm', '', '5ATM ( có thể bơi lội )', 'Có loa đàm thoại / Có Mic', '', '', '2022-05-07 01:44:18', 'phongabc334', '2022-05-07 11:53:44', NULL, 'amazfit-gtr-3-pro-ldstore-14.png', 999, 0),
(176, 1, 'Đồng hồ thông minh Amazfit GTS 3', 4190000, 0, 'Hàng có sẵn \r\nPhiên bản quốc tế hàng chính hãng Việt Nam\r\nBảo hành 12 tháng', '<p><strong>Đồng Hồ Thông Minh SmartWatch Amazfit GTS 3</strong>&nbsp;với thiết kế đẹp sang trọng và gần giống như Apple Watch, màn hình 1.75 inch cùng độ phân giải là 390&times;450 pixels giúp hiển thị thông tin, hình ảnh rõ ràng và sắc nét. Đi kèm theo là dây đeo silicone 20mm và trọng lượng rất nhẹ chỉ 26gram mang lại cảm giác vô cùng mềm mại và dễ chịu khi đeo.</p>\r\n\r\n<p><strong>Thiết kế Amazfit GTS 3</strong></p>\r\n\r\n<p><img alt=\"\" src=\"https://ldstore.vn/wp-content/uploads/2021/11/amazfit-gts-3-ldstore-12.jpg\" style=\"height:1231px; width:2560px\" /></p>\r\n\r\n<p><img alt=\"\" src=\"https://ldstore.vn/wp-content/uploads/2021/11/Amazfit-GTS-3-backgroun-13.jpg\" style=\"height:1768px; width:2116px\" /></p>\r\n\r\n<p>Mặt kính kính Gorilla Glass 3 giúp chống trầy và tăng độ bền cho thiết bị. Màn hình sử dụng tấm nền AMOLED Ultra HD có mật độ điểm ảnh 341 ppi cực kì sắc nét và gam màu 100% NTSC (National Teltevision System Committee) và độ làm tươi 60 FPS cho màu sắc trung thực. Amazfit GTS 3 cũng có độ dày chỉ 8.8 mm, một con số cực kỳ ấn tượng so với một số đối thủ trong cùng phân khúc. Tuy nhiên, điều này đã khiến viên pin của máy cũng được làm nhỏ lại khi dung lượng chỉ đạt 250 mAh. Ít ra thì khi so với thế hệ tiền nhiệm, dung lượng pin của Amazfit GTS 3 vẫn cao hơn.</p>\r\n\r\n<hr />\r\n<p><strong>Màn hình&nbsp; Amazfit GTS 3</strong></p>\r\n\r\n<p><img alt=\"\" src=\"https://ldstore.vn/wp-content/uploads/2021/11/Amazfit-GTS-3-backgroun-12.jpg\" style=\"height:1712px; width:2542px\" /></p>\r\n\r\n<p>Vẻ ngoài của Amazfit GTS 3 có nhiều nét tương đồng với thế hệ tiền nhiệm là GTS 2. Tuy nhiên, thay vì dùng nút bấm ở cạnh bên như GTS 2 thì chiếc Amazfit GTS 3 được tích hợp nút bấm xoay (navigation crown), đóng vai trò là nút home khi bấm một lần, bấm thêm một lần nữa sẽ hiện lên giao diện các app. Nhờ nút xoay này mà người dùng có thể cuộn trang một cách nhanh chóng và dễ dàng. Nhìn chung cách thức hoạt động của nút xoay này tương tự như trên&nbsp;Apple Watch, thậm chí GTS 3 cũng có rung phản hồi (haptic feedback) khi xoay nút.</p>\r\n\r\n<p><img alt=\"\" src=\"https://ldstore.vn/wp-content/uploads/2021/11/Amazfit-GTS-3-backgroun-1.jpg\" style=\"height:1296px; width:2560px\" /></p>\r\n\r\n<hr />\r\n<p><strong>Amazfit GTS 3 Theo dõi sức khỏe&nbsp;</strong></p>\r\n\r\n<p>GTS 3 có khả năng kháng nước ở áp suất lên đến 5 ATM và người dùng hoàn toàn có thể đeo khi bơi lội. Tuy nhiên thấy hơi tiếc một chút khi chiếc đồng hồ không được trang bị loa ngoài dù GTS 3 vẫn có micro thu âm để ra lệnh cho trợ lý ảo như Alexa của Amazon. Mặt sau đồng hồ được làm bằng nhựa, chứa cụm cảm biến đo nhịp tim và đo chỉ số spO2. Ở trên và dưới cụm cảm biến là chân tiếp xúc với đế sạc nam châm.</p>\r\n\r\n<p><img alt=\"\" src=\"https://ldstore.vn/wp-content/uploads/2021/11/Amazfit-GTS-3-backgroun-10.jpg\" style=\"height:1237px; width:1848px\" /></p>\r\n\r\n<p><img alt=\"\" src=\"https://ldstore.vn/wp-content/uploads/2021/11/Amazfit-GTS-3-backgroun-6.jpg\" style=\"height:2150px; width:2150px\" /></p>\r\n\r\n<p><img alt=\"\" src=\"https://ldstore.vn/wp-content/uploads/2021/11/Amazfit-GTS-3-backgroun-2.jpg\" style=\"height:2559px; width:2560px\" /><img alt=\"\" src=\"https://ldstore.vn/wp-content/uploads/2021/11/Amazfit-GTS-3-backgroun-9.jpg\" style=\"height:958px; width:2560px\" /></p>\r\n\r\n<h3><strong>&nbsp;Hệ điều hành của Amazfit GTS 3: Nâng cấp hệ điều hành với giao diện đẹp, nhiều chế độ hỗ trợ tập luyện</strong></h3>\r\n\r\n<p>Amazfit GTS 3 đã được nâng cấp lên nền tảng hệ điều hành mới nhất có tên gọi Zeep OS và đây là một hệ điều hành được hãng làm riêng cho series đồng hồ ra mắt năm nay. Như đã đề cập ở trên, Amazfit GTS 3 sẽ giao tiếp với điện thoại thông qua phần mềm Zeep trên Android và iOS, tác giả cũng nhận xét rằng giao diện của Zeep OS khá đơn giản, dễ sử dụng. Từ mặt đồng hồ, bạn có thể vuốt sang phải để mở Shortcut Card, vuốt sang trái để truy cập nhanh vào các ứng dụng đã cài đặt trước (Quick Access Apps), vuốt lên để xem thông báo và vuốt xuống để truy cập các cài đặt như chế độ Không là phiền, chế độ nhà hát, điều chỉnh độ sáng,&hellip;</p>\r\n\r\n<p><img alt=\"\" src=\"https://ldstore.vn/wp-content/uploads/2021/11/Amazfit-GTS-3-backgroun-11.jpg\" style=\"height:1974px; width:2542px\" />&nbsp;<img alt=\"\" src=\"https://ldstore.vn/wp-content/uploads/2021/11/Amazfit-GTS-3-backgroun-4.jpg\" style=\"height:719px; width:1851px\" /></p>\r\n', 'Zepp OS', 'Bluetooth 5.0', 'Ultra HD Amoled', '	 42,4x36x8.8mm', '24g', '', '', '300mah', '', '2022-05-07 01:45:37', 'phongabc334', '2022-05-07 11:58:09', NULL, 'amazfit-gts-3-ldstore-1.jpeg', 997, 2),
(177, 8, 'Fibit Ionic Burnt Orange', 7999000, 8, 'Máy mới 100% chính hãng FPT\r\nBảo hành 12 tháng 1 đổi 1 tại FPT Service toàn quốc ', '', '', '', '', '', '', '', '', '', '', '2022-05-07 01:46:19', 'phongabc334', '2022-05-07 11:53:44', NULL, 'fitbit-ionic-burnt-orane-ldstore-1.png', 999, 0),
(178, 8, 'Fibit Ionic Charcoal', 7990000, 8, 'Máy mới 100% chính hãng FPT\r\nBảo hành 12 tháng 1 đổi 1 tại FPT Service toàn quốc ', '', '', '', '', '', '', '', '', '', '', '2022-05-07 01:46:48', 'phongabc334', '2022-05-07 11:53:44', 'phongabc334', 'fitbit-ionic-charcoal-ldstore-1.png', 999, 0),
(179, 8, 'Fibit Ionic Charcoal ', 6499000, 54, 'Máy mới 100% Fullbox  \r\nBảo hành : 3 tháng', '<h2><strong>ĐÁNH GIÁ FITBIT IONIC CHARCOAL ĐEN XÁM LIKENEW&nbsp;</strong></h2>\r\n\r\n<p><img alt=\"\" src=\"https://ldstore.vn/wp-content/uploads/2019/03/fitbit-ionic-charcoal-ldstore-3.jpg\" style=\"height:920px; width:1080px\" /></p>\r\n\r\n<h3><strong>Smartwatch Đồng hồ thông minh Fitbit Ionic Charcoal đen xám với mặt đồng hồ hiển thị lớn vuông vức cùng nhiều tính năng đắt giá của mình như hướng dẫn tập luyện, định vị GPS, theo dõi nhịp tim , nghe nhạc độc lập &hellip;</strong></h3>\r\n\r\n<hr />\r\n<h2><strong>FITBIT IONIC Thiết kế</strong></h2>\r\n\r\n<p>Fitbit Ionic có thiết kế mặt đồng hồ&nbsp;màn hình hiển thị lớn hình&nbsp;vuông, chất lượng gia công tỉ mỉ cho cảm giác sang trọng và hiện đại.</p>\r\n\r\n<p><img alt=\"\" src=\"https://ldstore.vn/wp-content/uploads/2019/03/fitbit8.jpg\" style=\"height:535px; width:800px\" /></p>\r\n\r\n<p><img alt=\"\" src=\"https://ldstore.vn/wp-content/uploads/2019/03/fitbit2.jpg\" style=\"height:433px; width:780px\" /></p>\r\n\r\n<hr />\r\n<h2><strong>FITBIT IONIC&nbsp;</strong><strong>Huấn luyện viên cá nhân</strong></h2>\r\n\r\n<p>Smartwatch Fitbit&nbsp;Ionic sẽ đưa ra những hướng dẫn giúp bạn tập luyện đúng cách và hiệu quả hơn như một huấn luyện viên.</p>\r\n\r\n<p><img alt=\"\" src=\"https://ldstore.vn/wp-content/uploads/2019/03/fitbit12.jpg\" style=\"height:439px; width:800px\" /></p>\r\n\r\n<hr />\r\n<h2><strong>FITBIT IONIC&nbsp;</strong><strong>Định vị GPS</strong></h2>\r\n\r\n<p>Nhờ có GPS được trang bị trên&nbsp;smartwatch, bạn sẽ theo dõi quãng đường di chuyển, tập luyện một cách cực chính xác và sử dụng các ứng dụng bản đồ tiện lợi.</p>\r\n\r\n<p><img alt=\"\" src=\"https://ldstore.vn/wp-content/uploads/2019/03/fitbit5.jpg\" style=\"height:433px; width:780px\" /></p>\r\n\r\n<p><img alt=\"\" src=\"https://ldstore.vn/wp-content/uploads/2019/03/fitbit13.jpg\" style=\"height:549px; width:800px\" /></p>\r\n\r\n<hr />\r\n<h2><strong>FITBIT IONIC&nbsp;</strong><strong>Tính năng đo nhịp tim</strong></h2>\r\n\r\n<p>Tính năng đo nhịp tim cho phép theo dõi sức khoẻ, chẩn đoán để bạn có cái nhìn tổng quan về tình trạng thể chất và cường độ tập luyện hiện tại của mình.</p>\r\n\r\n<p><img alt=\"\" src=\"https://ldstore.vn/wp-content/uploads/2019/03/fitbit3.jpg\" style=\"height:433px; width:780px\" /></p>\r\n\r\n<hr />\r\n<h2><strong>FITBIT IONIC&nbsp;</strong><strong>Theo dõi giấc ngủ và sức khoẻ</strong></h2>\r\n\r\n<p>Fitbit Ionic còn có khả năng theo dõi giấc ngủ và thông số sức khoẻ đặc biệt theo dõi chu kì kinh nguyệt với phụ nữ</p>\r\n\r\n<p><img alt=\"\" src=\"https://ldstore.vn/wp-content/uploads/2019/03/fitbit14.jpg\" style=\"height:409px; width:800px\" /></p>\r\n\r\n<hr />\r\n<h2><strong>FITBIT IONIC Nhận thông báo từ đồng hồ</strong></h2>\r\n\r\n<p>Thay vì luôn phải cầm chiếc điện thoại trên tay thì giờ đây, chỉ cần 1 cú lắc cổ tay là bạn có thể xem được thông báo, tin nhắn, email&hellip; gửi đến cho mình nhờ khả năng đồng bộ với smartphone của&nbsp;Fitbit Ionic.</p>\r\n\r\n<p><img alt=\"\" src=\"https://ldstore.vn/wp-content/uploads/2019/03/fitbit15.jpg\" style=\"height:513px; width:800px\" /></p>\r\n\r\n<p>&nbsp;</p>\r\n', '', '', '', '', '', '', '', '', '', '2022-05-07 01:47:29', 'phongabc334', '2022-05-07 11:53:44', 'phongabc334', 'dong-ho-thong-minh-fitbit-ionic-den-xam-charcoal-ldstore-11.jpg', 999, 0),
(180, 8, 'Fibit Ionic Sliver ', 7999000, 8, 'Máy mới 100% chính hãng FPT\r\nBảo hành 12 tháng 1 đổi 1 tại FPT Service toàn quốc ', '', '', '', '', '', '', '', '', '', '', '2022-05-07 01:48:02', 'phongabc334', '2022-05-07 11:53:44', 'phongabc334', 'fitbit-ionic-sliver-ldstore-1.png', 999, 0),
(181, 8, 'Fibit Ionic Sliver', 5990000, 50, '', '', '', '', '', '', '', '', '', '', '', '2022-05-07 01:48:30', 'phongabc334', '2022-05-07 11:53:44', NULL, 'fitbit-ionic-charcoal-ldstore-1.png', 999, 0),
(182, 1, 'Huami Amazfit Neo', 690000, 0, 'Bảo hành chính hãng Digiworld : 12 tháng ( 1 đổi 1 )', '', '', '', '', '', '', '', '', '', '', '2022-05-07 01:50:54', 'phongabc334', '2022-05-07 11:53:44', NULL, 'amazfit-neo-ldstore-2.png', 999, 0),
(183, 1, 'Huami Amazfit Nexo Marvel Avengers Limited Edition', 4990000, 0, 'Bảo hành : 6 tháng', '', '', '', '', '', '', '', '', '', '', '2022-05-07 01:51:16', 'phongabc334', '2022-05-07 11:53:44', NULL, 'amazfit_nexo_marvel_ldstore_1.png', 999, 0),
(184, 1, 'Xiaomi Amazfit 2', 3990000, 33, 'Máy mới nguyên hộp : Bảo hành 3 tháng', '<p><strong>CÁC TÍNH NĂNG CHÍNH</strong></p>\r\n\r\n<p>1 . Thể thao theo dõi chi tiết : chạy, đi bộ, đi xe đạp, bơi lội, tập trong nhà , leo núi, chạy đường dài , ba môn phối hợp, tennis, bóng đá và trượt tuyết</p>\r\n\r\n<p>2. Tự động theo dõi các bước chân hàng ngày của bạn, khoảng cách đi, lượng calo bị đốt cháy, nhịp tim và chất lượng giấc ngủ cùng với lời nhắc chuyển động tùy chọn</p>\r\n\r\n<p>3. Nhận email, tin nhắn văn bản, cuộc gọi và các thông báo ứng dụng / nhắn tin khác ngay trên cổ tay của bạn<br />\r\n4. Bezel gốm ceramic , kính chống trầy xước 2.5D Corning Gorilla, các nút vật lý bằng thép không gỉ để điều hướng&nbsp;dễ dàng và dây đeo đồng hồ silicon bền 22mm có thể thay đổi</p>\r\n\r\n<p>5. GPS, GLONASS và cảm biến nhịp tim quang học</p>\r\n\r\n<p>5. Chống nước : 164 feet / 50 mét / 5 ATM khả năng chịu nước</p>\r\n', '', '', '', '', '', '', '', '', '', '2022-05-07 01:51:46', 'phongabc334', '2022-05-07 11:59:11', NULL, 'amazfit-stratos-pace-2-ldstore.vn_1.png', 997, 2),
(185, 1, 'Xiaomi Amazfit GTR Phiên bản quốc tế – 42mm', 2090000, 0, 'Phiên bản DigiWorld Chính Hãng Việt Nam ', '', '', '', '', '', '', '', '', '', '', '2022-05-07 01:52:09', 'phongabc334', '2022-05-07 11:53:44', NULL, 'amazfit-GTR-42mm-black-ldstore-12.png', 999, 0),
(186, 1, 'Xiaomi Amazfit GTR Phiên bản quốc tế – 47mm', 2490000, 0, 'Phiên bản DigiWorld Chính Hãng Việt Nam ', '', '', '', '', '', '', '', '', '', '', '2022-05-07 01:52:31', 'phongabc334', '2022-05-11 14:33:18', 'phongabc334', 'amazfit-GTR-sliver-ldstore-1-s1.jpg', 999, 0),
(187, 1, 'Xiaomi Huami Amazfit Ares', 1990000, 0, '', '', '', '', '', '', '', '', '', '', '', '2022-05-07 01:52:58', 'phongabc334', '2022-05-07 11:59:11', NULL, 'amazfit-ares-ldstore-1.png', 998, 1),
(188, 1, 'Xiaomi Huami Amazfit GTR 2 Sport Phiên bản quốc tế', 4190000, 12, 'PHIÊN BẢN CHÍNH HÃNG DIGIWORLD ', '', '', '', '', '', '', '', '', '', '', '2022-05-07 01:53:21', 'phongabc334', '2022-05-07 11:53:44', NULL, 'Amazfit-gtr-2-sport-ldstore-1.png', 999, 0),
(189, 1, 'Xiaomi Huami Amazfit GTR 2 Classic Phiên bản quốc tế', 4290000, 7, 'PHIÊN BẢN CHÍNH HÃNG DIGIWORLD ', '', '', '', '', '', '', '', '', '', '', '2022-05-07 01:53:45', 'phongabc334', '2022-05-07 11:53:44', NULL, 'huami-amazfit-gtr-2-ldstore-17.png', 999, 0),
(190, 1, 'Xiaomi Huami Amazfit GTR RoseGold Phiên bản quốc tế – 42mm', 2090000, 0, '', '', '', '', '', '', '', '', '', '', '', '2022-05-07 01:54:07', 'phongabc334', '2022-05-07 11:58:58', NULL, 'amazfit-GTR-rosegold-ldstore-12.png', 996, 3),
(191, 1, 'Xiaomi Huami Amazfit GTS 2', 3590000, 0, '', '', '', '', '', '', '', '', '', '', '', '2022-05-07 01:54:27', 'phongabc334', '2022-05-07 11:53:44', NULL, 'amazfit-gts2-ldstore-6.png', 999, 0),
(192, 3, 'Mobvoi Ticwatch Pro 4G/LTE ( Chính hãng )', 6990000, 7, '', '', '', '', '', '', '', '', '', '', '', '2022-05-07 01:55:15', 'phongabc334', '2022-05-07 11:53:44', NULL, 'mobvoi-ticwatch-pro-4g-lte-ldstore-1.png', 999, 0),
(193, 3, 'Ticwatch 1 Bạc Dây Da', 1390000, 0, '', '', '', '', '', '', '', '', '', '', '', '2022-05-07 01:56:20', 'phongabc334', '2022-05-07 11:53:44', NULL, 'sfsfsdf.jpeg', 999, 0),
(194, 3, 'Ticwatch 1 Bạc Dây Thép', 2000000, 0, '', '', '', '', '', '', '', '', '', '', '', '2022-05-07 01:57:06', 'phongabc334', '2022-05-07 11:53:44', NULL, 'ticwatch1-ldstore-1.png', 999, 0),
(195, 3, 'Ticwatch 1 Bạc dây thép mesh', 2990000, 0, '', '', '', '', '', '', '', '', '', '', '', '2022-05-07 01:57:31', 'phongabc334', '2022-05-07 11:53:44', NULL, 's-1-2.jpeg', 999, 0),
(196, 3, 'Ticwatch 1 Vàng Dây Thép Mesh', 3190000, 0, '', '', '', '', '', '', '', '', '', '', '', '2022-05-07 01:57:54', 'phongabc334', '2022-05-07 11:53:44', NULL, 's_w470h470-13.jpeg', 999, 0),
(197, 3, 'Ticwatch 2 Black Sapphire – Ceramic', 2490000, 0, '', '', '', '', '', '', '', '', '', '', '', '2022-05-07 01:58:12', 'phongabc334', '2022-05-07 11:53:44', 'phongabc334', 'ticwatch2black-ldstore-4.jpeg', 999, 0),
(198, 3, 'Ticwatch 2 Charcoal Chính Hãng', 2490000, 0, '', '', '', '', '', '', '', '', '', '', '', '2022-05-07 01:58:33', 'phongabc334', '2022-05-07 11:53:44', NULL, 'Ticwatch-2-GPS-SmartWatch-Bluetooth-4-1-MT2601-802-11b-g-n-Heart-Rate-Monitor-Smartwatch.jpg', 999, 0),
(199, 3, 'Ticwatch 2 Charcoal Quốc Tế', 1690000, 0, '', '', '', '', '', '', '', '', '', '', '', '2022-05-07 01:58:52', 'phongabc334', '2022-05-07 11:59:21', NULL, 'ticwatch2sport.jpeg', 998, 1),
(200, 3, 'Ticwatch 2 Gold Sapphire – Ceramic', 2490000, 0, '', '', '', '', '', '', '', '', '', '', '', '2022-05-07 01:59:13', 'phongabc334', '2022-05-07 11:53:44', NULL, 'ticwatch2gold-ldstore-2.jpeg', 999, 0),
(201, 3, 'Ticwatch 2 Quốc Tế OAK – Classic', 1790000, 0, '', '', '', '', '', '', '', '', '', '', '', '2022-05-07 01:59:39', 'phongabc334', '2022-05-07 11:53:44', 'phongabc334', 's-1-2.jpeg', 999, 0),
(202, 2, 'Asus Zenwatch 3 Đen', 2990000, 33, 'Bảo hành  : 1 tháng', '', '', '', '', '', '', '', '', '', '', '2022-05-07 11:22:44', 'phongabc334', '2022-05-11 15:29:44', NULL, 'asus-zenwatch-3-ldstore.vn-1 (1).jpg', 997, 2),
(203, 2, 'Zenwatch 2 Black (WI501Q) – Phiên bản có loa', 1490000, 33, 'Availability: Cho phép đặt hàng trước', '', '', '', '', '', '', '', '', '', '', '2022-05-07 11:23:07', 'phongabc334', '2022-05-07 11:53:44', 'phongabc334', 'zenwatch2-ldstore-2.jpg', 999, 0),
(204, 2, 'Zenwatch 2 Sliver (WI501Q) – Phiên bản có loa', 1490000, 33, 'Availability: Cho phép đặt hàng trước', '', '', '', '', '', '', '', '', '', '', '2022-05-07 11:23:36', 'phongabc334', '2022-05-07 11:53:44', NULL, 'zen3-ldstore-4.png', 999, 0),
(205, 2, 'Zenwatch 3 ( Mới )', 6190000, 10, '', '', '', '', '', '', '', '', '', '', '', '2022-05-07 11:24:13', 'phongabc334', '2022-05-07 11:53:44', NULL, 'ldstore-asus-zenwatch-3-den-1-600x600.jpg', 999, 0),
(206, 2, 'Zenwatch 3 Sliver', 6190000, 10, '', '', '', '', '', '', '', '', '', '', '', '2022-05-07 11:24:53', 'phongabc334', '2022-05-07 11:59:21', NULL, 'ldstore-asus-zenwatch-3-bac-1.jpg', 996, 3);
INSERT INTO `products` (`id`, `id_hangsx`, `name`, `price`, `sale`, `title`, `detail`, `os`, `cpu`, `screen`, `size`, `weight`, `waterproof`, `mic`, `pin`, `strap`, `create_date`, `create_by`, `update_date`, `update_by`, `img`, `soluong`, `daban`) VALUES
(207, 6, 'Samsung Galaxy Active 2 Aluminum Phiên bản 44MM', 3890000, 0, '', '<h2>Đánh giá trên tay đồng hồ thông minh smartwatch Samsung Galaxy Active 2 Aluminum phiên bản 44mm</h2>\r\n\r\n<p><img alt=\"\" src=\"https://ldstore.vn/wp-content/uploads/2019/10/galaxy-watch-active2-kv-image-pc.jpg\" style=\"height:817px; width:1920px\" /></p>\r\n\r\n<p>Galaxy Watch Active 2 phiên bản mới&nbsp;giờ đây có màn hình tùy biến lớn hơn và giao diện mới Tizen OS 5 One UI mới. Nó cung cấp cho bạn những hiểu biết chính xác về sức khỏe khi bạn cần, trong khi vẫn giữ cho bạn kết nối đầy đủ thông báo từ điện thoại . Cho dù bạn đang chạy bộ hay vượt qua thời hạn tiếp theo, Galaxy Watch Active 2 sẽ giúp bạn đạt hiệu suất tối ưu cả trong và ngoài. Ngôn ngữ thiết kế mới đẹp và sang trọng hơn rất nhiều so với phiên bản Active cũ</p>\r\n\r\n<p>&nbsp;</p>\r\n\r\n<hr />\r\n<h3>Samsung Galaxy Active 2 Thoải mái tùy chỉnh trên cổ tay của bạn</h3>\r\n\r\n<p>Galaxy Active 2 khi đeo có cảm giác thoải mái và là một đối tác chăm sóc sức khỏe mà bạn muốn sử dụng hàng ngày 24/7.&nbsp;Galaxy Watch Active2 được tùy chỉnh từ ngày đầu tiên, bắt đầu với sự lựa chọn của bạn về kiểu Bluetooth hoặc LTE và có 2 phiên bản&nbsp;&nbsp;44mm hoặc 40mm&nbsp; thiết kế bằng thép không gỉ hoặc nhôm nhẹ và dây đeo galore.</p>\r\n\r\n<p>Tối đa hóa không gian màn hình của bạn với chế độ xem không bị gián đoạn trên thân máy mượt mà được trang bị viền cảm ứng để điều khiển nhanh.Galaxy Watch Active2 có màn hình mở rộng với màn hình đen thuần túy và&nbsp;có nhiều không gian để hiển thị thoải mái khi đọc thông báo&nbsp;</p>\r\n\r\n<p>&nbsp;</p>\r\n\r\n<p><img alt=\"\" src=\"https://ldstore.vn/wp-content/uploads/2019/10/Screen-Shot-2019-10-12-at-18.11.17.png\" style=\"height:595px; width:1920px\" /></p>\r\n\r\n<p>&nbsp;</p>\r\n\r\n<hr />\r\n<h3>Samsung Galaxy Active 2 thay đổi giao diện mặt đồng hồ phong phú</h3>\r\n\r\n<p>Với kho mặt đồng hồ cực kì phong phú được cập nhật liên tục bạn sẽ có nhiều mặt đồng hồ watchfaces phù hợp với bản thân dáng vẻ và tâm trạng của bạn. Khi bạn chụp ảnh trang phục trong ngày, Galaxy Watch Active2 sẽ ghép mặt đồng hồ lại với nhau dễ dàng</p>\r\n\r\n<p><img alt=\"\" src=\"https://ldstore.vn/wp-content/uploads/2019/10/Screen-Shot-2019-10-12-at-17.26.54.png\" style=\"height:612px; width:1264px\" /></p>\r\n\r\n<p><img alt=\"\" src=\"https://ldstore.vn/wp-content/uploads/2019/10/galaxy-watch-active2-overview-video-thumbnail-01.jpg\" style=\"height:563px; width:1000px\" /></p>\r\n\r\n<hr />\r\n<h3>Samsung Galaxy Active 2 theo dõi tập luyện ngay trên cổ tay bạn</h3>\r\n\r\n<p>Galaxy Watch Active2 theo dõi chuyển động của bạn 1 cách dễ dàng ngay trên đồng hồ&nbsp;&nbsp;Với việc bơi được thêm vào theo dõi tự động, giờ đây bạn có được bảy bài tập, trong khi theo dõi thủ công hoạt động cho tất cả các hoạt động cho hàng chục bạn có thể theo dõi.&nbsp;Chạy chức năng huấn luyện viên cho bạn lời khuyên hành động trong thời gian thực</p>\r\n\r\n<p><img alt=\"\" src=\"https://ldstore.vn/wp-content/uploads/2019/10/Screen-Shot-2019-10-12-at-18.58.57.png\" style=\"height:595px; width:1150px\" /></p>\r\n\r\n<hr />\r\n<h3>Samsung Galaxy Active 2 theo dõi giấc ngủ , sức khỏe hàng ngày</h3>\r\n\r\n<p>Sử dụng máy theo dõi căng thẳng để theo dõi mức độ căng thẳng của bạn khi bạn cảm thấy căng thẳng, và làm theo các bài tập thở được hướng dẫn gợi ý để có được sự an tâm. chế độ theo dõi giấc ngủ cùng đo nhịp tim công nghệ mới cho khả năng theo dõi cực kì chính xác&nbsp;</p>\r\n\r\n<p>Theo dõi sức khỏe của bạn là cốt lõi của Galaxy Watch Active2 với tám photodiod đầy đủ ở phía sau của một thiết kế cong mới tạo khuôn cho cổ tay của bạn.&nbsp;Theo dõi sức khỏe theo dõi nhịp tim của bạn và gửi cho bạn một cảnh báo khi nó vượt quá hoặc dưới mức bình thường</p>\r\n\r\n<p><img alt=\"\" src=\"https://ldstore.vn/wp-content/uploads/2019/10/galaxy-watch-active2-sleep-and-stress-sleep.jpg\" style=\"height:1155px; width:1248px\" /></p>\r\n\r\n<hr />\r\n<h3>Samsung Galaxy Active 2 luôn kết nối mà không cần điện thoại của bạn</h3>\r\n\r\n<p>Mang theo danh bạ, tin nhắn và âm nhạc của bạn trên một trợ lý cuộc sống được hỗ trợ LTE cho phép bạn bỏ lại điện thoại của mình.&nbsp;Tiếp tục chạy và hoạt động với sự an tâm khi được kết nối mà không lo bỏ lỡ các tin nhắn thông báo quan trọng .&nbsp;Giữ phát nhạc của bạn khi bạn đi hoặc tải xuống trước cho các khu vực có kết nối thấp.</p>\r\n\r\n<p><img alt=\"\" src=\"https://ldstore.vn/wp-content/uploads/2019/10/galaxy-watch-active2-lte-music-a.jpg\" style=\"height:1366px; width:996px\" /></p>\r\n\r\n<hr />\r\n<h3>Samsung Galaxy Active 2 thời lượng pin cả ngày</h3>\r\n\r\n<p>Mang Galaxy Watch Active2 ra ngoài trong ngày với pin kéo dài cả ngày và hơn thế nữa khi sử dụng bình thường.&nbsp;Trở về nhà, chỉ cần đặt nó trên bộ sạc không dây từ tính nhỏ gọn để mang nó trở lại đầy đủ, không cần giắc cắm sạc hoặc dây điện.</p>\r\n\r\n<p><img alt=\"\" src=\"https://ldstore.vn/wp-content/uploads/2019/10/Screen-Shot-2019-10-12-at-19.06.01.png\" style=\"height:720px; width:1523px\" /></p>\r\n\r\n<hr />\r\n<h3>Samsung Galaxy Active 2 chống nước 5ATM</h3>\r\n\r\n<p>Galaxy Watch Active 2 theo bạn bất cứ nơi đâu mà không lo vấn đề bụi bẩn và nước với xếp hạng bụi và nước IP68 và 5ATM cộng với độ bền cấp quân sự để xử lý một loạt các điều kiện, vì vậy bạn có thể tiếp tục đi xa hơn và trải nghiệm nhiều hơn.</p>\r\n\r\n<p><img alt=\"\" src=\"https://ldstore.vn/wp-content/uploads/2019/10/Screen-Shot-2019-10-12-at-19.08.11.png\" style=\"height:736px; width:1134px\" /></p>\r\n\r\n<hr />\r\n<h3>Samsung Galaxy Active 2 kho ứng dụng vô cùng phong phú</h3>\r\n\r\n<p>Mang lại sự cải tiến cho cuộc sống của bạn với các ứng dụng từ dòng Galaxy cho đến rất nhiều ứng dụng bên thứ 3 có thể tải xuống.Tải xuống ứng dụng để tạo ra dòng sản phẩm cá nhân của riêng bạn để có lời khuyên thông minh khi bạn có thể kéo lên mà không cần rời khỏi cổ tay</p>\r\n\r\n<p><img alt=\"\" src=\"https://ldstore.vn/wp-content/uploads/2019/10/Samsung-Galaxy-active-2-app.png\" style=\"height:669px; width:1370px\" /></p>\r\n\r\n<hr />\r\n<h3>Samsung Galaxy Active 2 khả năng tương thích nhiều thiết bị điện thoại</h3>\r\n\r\n<p><img alt=\"\" src=\"https://ldstore.vn/wp-content/uploads/2019/10/Samsung-galaxy-active-2-connect.png\" style=\"height:723px; width:1504px\" /></p>\r\n\r\n<hr />\r\n<h3>HÌNH ẢNH THỰC TẾ TRÊN TAY SAMSUNG GALAXY ACTIVE 2 PHIÊN BẢN 44MM</h3>\r\n', '', '', '', '', '', '', '', '', '', '2022-05-11 20:53:02', 'phongabc334', '2022-05-11 20:53:02', NULL, 'samsung-galaxy-active-2-rose-gold-ldstore-2.jpg', 111, 0),
(208, 6, 'Samsung Galaxy Active 2 ESIM 40mm Stainsless Steel', 3190000, 0, '', '', '', '', '', '', '', '', '', '', '', '2022-05-11 20:53:49', 'phongabc334', '2022-05-11 23:34:47', NULL, 'samsung-galaxy-active-2-40mm-esim.png', 999, 0),
(209, 6, 'Samsung Galaxy Active 2 ESIM 44mm Stainsless Steel', 3590000, 0, '', '', '', '', '', '', '', '', '', '', '', '2022-05-11 20:54:13', 'phongabc334', '2022-05-11 23:34:47', NULL, 'Gallery-Active2-LTE-44mm-Silver-11.png', 999, 0),
(210, 6, 'Samsung Galaxy Watch 3 – 41MM', 4890000, 0, '', '', '', '', '', '', '', '', '', '', '', '2022-05-11 20:54:34', 'phongabc334', '2022-05-11 23:34:47', NULL, 'galaxy-watch3-ldstore-41mm-4.png', 999, 0),
(211, 6, 'Samsung Galaxy Watch 3 – 41MM (ESIM LTE)', 4990000, 0, '', '', '', '', '', '', '', '', '', '', '', '2022-05-11 20:55:07', 'phongabc334', '2022-05-11 23:34:47', NULL, 'galaxy-watch-41mm-lte-1.png', 999, 0),
(212, 6, 'Samsung Galaxy Watch 3 – 45MM', 5290000, 0, '', '', '', '', '', '', '', '', '', '', '', '2022-05-11 20:55:28', 'phongabc334', '2022-05-11 23:34:47', NULL, 'galaxywatch3-ldstore-3.png', 999, 0),
(213, 6, 'Samsung Galaxy Watch 3 45MM (ESIM LTE)', 5490000, 0, '', '', '', '', '', '', '', '', '', '', '', '2022-05-11 20:55:54', 'phongabc334', '2022-05-11 23:34:47', NULL, 'galaxy-watch-3-lte-ldstore-1.png', 999, 0),
(214, 6, 'Samsung Galaxy Watch Active Bạc Chính Hãng ( SM-R500 )', 3290000, 27, '', '', '', '', '', '', '', '', '', '', '', '2022-05-11 20:56:38', 'phongabc334', '2022-05-11 23:34:47', NULL, 'samsung-galaxy-watch-active-sm-r500-bac-ldstore.vn-2.jpg', 999, 0),
(215, 6, 'Samsung Galaxy Watch Active Đen Chính Hãng ( SM-R500 )', 3390000, 24, '', '', '', '', '', '', '', '', '', '', '', '2022-05-11 20:57:04', 'phongabc334', '2022-05-11 23:34:47', NULL, 'samsung-galaxy-watch-active-sm-r500-den-ldstore.vn-2.jpg', 999, 0),
(216, 6, 'Samsung Galaxy Watch Active Hồng Chính Hãng ( SM-R500 )', 4490000, 27, '', '', '', '', '', '', '', '', '', '', '', '2022-05-11 20:57:27', 'phongabc334', '2022-05-11 23:34:47', NULL, 'samsung-galaxy-watch-active-sm-r500-hong-ldstorevn-2.jpg', 999, 0),
(217, 6, 'Samsung Galaxy Watch Active Xanh Chính Hãng ( SM-R500 )', 4490000, 27, '', '', '', '', '', '', '', '', '', '', '', '2022-05-11 20:57:50', 'phongabc334', '2022-05-11 23:34:47', NULL, 'samsung-galaxy-watch-active-sm-r500-xanh-ldstore.vn-2.jpg', 999, 0),
(218, 6, 'Samsung Galaxy Watch Chính Hãng ( 42mm )', 5900000, 32, '', '', '', '', '', '', '', '', '', '', '', '2022-05-11 20:58:23', 'phongabc334', '2022-05-11 23:34:47', NULL, 'samsung-galaxy-watch-ldstore_2.jpeg', 999, 0),
(219, 6, 'Samsung Galaxy Watch LTE – 42mm ( Likenew )', 3290000, 0, '', '', '', '', '', '', '', '', '', '', '', '2022-05-11 20:58:41', 'phongabc334', '2022-05-11 23:34:47', NULL, 'galaxy-watch-42mm-sm-r810-ldstore-7.png', 999, 0),
(220, 6, 'Samsung Galaxy Watch LTE – 46mm ( Likenew )', 4190000, 10, '', '', '', '', '', '', '', '', '', '', '', '2022-05-11 20:59:04', 'phongabc334', '2022-05-11 23:34:47', NULL, 'samsung-galaxy-watch-46mm-ldstore_2.jpeg', 999, 0),
(221, 6, 'Samsung Galaxy Watch Rose Gold ( 42mm )', 6900000, 28, '', '', '', '', '', '', '', '', '', '', '', '2022-05-11 20:59:53', 'phongabc334', '2022-05-11 23:34:47', NULL, 'samsung-galaxy-watch-rosegold-ldstore_2.jpeg', 999, 0),
(222, 6, 'Samsung Galaxy Watch Sliver Chính Hãng ( 46mm )', 6590000, 35, '', '', '', '', '', '', '', '', '', '', '', '2022-05-11 21:00:16', 'phongabc334', '2022-05-11 23:34:47', NULL, 'samsung-galaxy-watch-46mm-ldstore_2 (1).jpeg', 999, 0),
(223, 6, 'Samsung Gear Fit 2 Pro', 4190000, 41, '', '', '', '', '', '', '', '', '', '', '', '2022-05-11 21:00:36', 'phongabc334', '2022-05-11 23:34:47', NULL, 'Samsung-Gear-Fit-2-Pro-ldstore-3.jpg', 999, 0),
(224, 6, 'Samsung Gear S2 Classic', 2190000, 18, '', '', '', '', '', '', '', '', '', '', '', '2022-05-11 21:00:54', 'phongabc334', '2022-05-11 23:34:47', NULL, 'Gears2-ldstore-9.jpg', 999, 0),
(225, 6, 'Samsung Gear S2 Classic Rose Gold', 4990000, 30, '', '', '', '', '', '', '', '', '', '', '', '2022-05-11 21:01:19', 'phongabc334', '2022-05-11 23:34:47', NULL, 'samsung-gears2-classic-rosegold-ldstore-1.jpeg', 999, 0),
(226, 6, 'Samsung Gear S3 Classic ( Likenew )', 2390000, 0, '', '', '', '', '', '', '', '', '', '', '', '2022-05-11 21:04:15', 'phongabc334', '2022-05-11 23:34:47', NULL, 'Samsung-GearS3-Classic-ldstore.vn_1.jpg', 999, 0),
(227, 6, 'Samsung Gear S3 Frontier ( Likenew )', 2390000, 0, '', '', '', '', '', '', '', '', '', '', '', '2022-05-11 21:04:36', 'phongabc334', '2022-05-11 23:34:47', NULL, 'Samsung-gear-s3-frontier-ldstore.vn_1.jpg', 999, 0),
(228, 6, 'Samsung Gear Sport ( Likenew fullbox )', 5990000, 33, '', '', '', '', '', '', '', '', '', '', '', '2022-05-11 21:05:08', 'phongabc334', '2022-05-11 23:34:47', NULL, 'samsung-gear-sport-black-front-ldstore.vn_1.jpg', 999, 0),
(229, 4, 'Matrix PowerWatch 2 ( Chính Hãng )', 14990000, 8, '', '', '', '', '', '', '', '', '', '', '', '2022-05-11 21:06:07', 'phongabc334', '2022-05-11 23:34:47', NULL, 'power_watch2_ldstore_12.jpg', 999, 0),
(230, 5, 'Oneplus Watch Classic Edition', 3590000, 0, '', '', '', '', '', '', '', '', '', '', '', '2022-05-11 21:07:01', 'phongabc334', '2022-05-11 23:34:47', NULL, 'OneplusWatch-ldstore-1.png', 999, 0),
(231, 5, 'Oppo Band', 650000, 0, 'Có sẵn hàng !', '', '', '', '', '', '', '', '', '', '', '2022-05-11 21:07:24', 'phongabc334', '2022-05-11 23:34:47', NULL, 'oppo_band_ld_store_2.jpg', 999, 0),
(232, 5, 'Oppo Band EVANGELION Limited Edition', 1590000, 0, '', '', '', '', '', '', '', '', '', '', '', '2022-05-11 21:07:43', 'phongabc334', '2022-05-11 23:34:47', NULL, 'oppoband_evangelion_ldstore2.png', 999, 0),
(233, 5, 'OPPO Watch Phiên bản 41MM', 5390000, 7, '', '', '', '', '', '', '', '', '', '', '', '2022-05-11 21:08:05', 'phongabc334', '2022-05-11 23:34:47', NULL, '202003060303275e61f8530c665.png', 999, 0),
(234, 5, 'OPPO Watch Phiên bản 46MM', 0, 10, '', '', '', '', '', '', '', '', '', '', '', '2022-05-11 21:08:31', 'phongabc334', '2022-05-11 21:08:31', NULL, 'OPPO-WATCH-1-LDSTORE.png', 7190000, 0),
(235, 5, 'OPPO Watch Stainless Steel Ceramic 46MM', 9990000, 0, '', '', '', '', '', '', '', '', '', '', '', '2022-05-11 21:08:49', 'phongabc334', '2022-05-11 23:34:47', NULL, '202003120403035e69f383713b1.png', 999, 0),
(236, 10, 'Honor Band 6', 1090000, 0, '', '', '', '', '', '', '', '', '', '', '', '2022-05-11 21:10:21', 'phongabc334', '2022-05-11 23:34:47', NULL, 'Honor-Band-6-ldstore-2.png', 999, 0),
(237, 10, 'Huawei Honor Magic Watch 2 ( 46mm )', 4500000, 10, '', '', '', '', '', '', '', '', '', '', '', '2022-05-11 21:10:50', 'phongabc334', '2022-05-11 23:34:47', NULL, 'honor-magic-watch-2-ldstore-2.png', 999, 0),
(238, 10, 'Huawei Honor Magic Watch 2 Phiên bản 42MM', 4990000, 34, '', '', '', '', '', '', '', '', '', '', '', '2022-05-11 21:55:40', 'phongabc334', '2022-05-11 23:34:47', NULL, 'honor_magic_watch_2_ldstore_2.jpg', 999, 0),
(239, 10, 'Huawei Honor Magic Watch 2 Sliver Classic ( 46mm )', 5000000, 22, '', '', '', '', '', '', '', '', '', '', '', '2022-05-11 21:56:02', 'phongabc334', '2022-05-11 23:34:47', NULL, 'honor-magic-watch-2-sliver-ldstore-1.png', 999, 0),
(240, 10, 'Huawei Honor Watch Dream VIVIENNE TAM ( Special Edition )', 4190000, 7, '', '', '', '', '', '', '', '', '', '', '', '2022-05-11 21:56:47', 'phongabc334', '2022-05-11 23:34:47', NULL, 'honor-watch-magic-viviantam-ldstorevn-3.jpg', 999, 0),
(241, 10, 'Huawei Honor Watch Dream Black ( Women Edition )', 2990000, 0, '', '', '', '', '', '', '', '', '', '', '', '2022-05-11 21:57:07', 'phongabc334', '2022-05-11 23:34:47', NULL, 'honor_watch_dream-ldstore.vn_1.png', 999, 0),
(242, 10, 'Huawei Honor Watch Dream Ceramic Sliver ( Women Edition )', 4290000, 0, '', '', '', '', '', '', '', '', '', '', '', '2022-05-11 21:57:31', 'phongabc334', '2022-05-11 23:34:47', NULL, 'honor_watch_dream-ldstore.vn_3.png', 999, 0),
(243, 10, 'Huawei Honor Watch Magic ( Lava Black )', 3390000, 27, '', '', '', '', '', '', '', '', '', '', '', '2022-05-11 21:57:52', 'phongabc334', '2022-05-11 23:34:47', NULL, 'ldstore-huawei-honor-magic-watch-1.jpg', 999, 0),
(244, 10, 'Huawei Honor Watch Magic ( Moonlight Silver )', 4190000, 36, '', '', '', '', '', '', '', '', '', '', '', '2022-05-11 21:58:26', 'phongabc334', '2022-05-11 23:34:47', NULL, 'ldstore-huawei-honor-magic-watch-6.jpg', 999, 0),
(245, 10, 'Huawei Honor Watch Magic Deep Blue ( Limited Edition )', 4990000, 0, '', '', '', '', '', '', '', '', '', '', '', '2022-05-11 21:58:44', 'phongabc334', '2022-05-11 23:34:47', NULL, 'honor_watch_magic_blue_ldstore.vn_1.png', 999, 0),
(246, 10, 'Huawei Watch 2 Classic ( Likenew )', 3990000, 0, '', '', '', '', '', '', '', '', '', '', '', '2022-05-11 21:59:02', 'phongabc334', '2022-05-11 23:34:47', NULL, 'Huawei-watch-2-classic-ldstore-1.png', 999, 0),
(247, 10, 'Huawei Watch Black Steel ( Likenew )', 4990000, 46, '', '', '', '', '', '', '', '', '', '', '', '2022-05-11 21:59:29', 'phongabc334', '2022-05-11 23:34:47', NULL, 'huawei-watch-quai-den.png', 999, 0),
(248, 10, 'Huawei Watch Elegant Gold ( Likenew )', 4890000, 0, '', '', '', '', '', '', '', '', '', '', '', '2022-05-11 21:59:44', 'phongabc334', '2022-05-11 23:34:47', NULL, 'huawei-watch-elegant-ldstorevn1.jpg', 999, 0),
(249, 10, 'Huawei Watch GT 2 Classic Phiên bản 42mm', 5990000, 0, '', '', '', '', '', '', '', '', '', '', '', '2022-05-11 22:00:00', 'phongabc334', '2022-05-11 23:34:47', NULL, 'huawei-watch-gt2-ldstore-8.png', 999, 0),
(250, 10, 'Huawei Watch GT 2 Sport Phiên bản 46mm', 6490000, 0, '', '', '', '', '', '', '', '', '', '', '', '2022-05-11 22:00:16', 'phongabc334', '2022-05-11 23:34:47', NULL, 'huawei-watch-gt2-ldstore-9.png', 999, 0),
(251, 10, 'Huawei Watch GT 2 Sport Phiên bản 42mm', 5490000, 0, '', '', '', '', '', '', '', '', '', '', '', '2022-05-11 22:00:32', 'phongabc334', '2022-05-11 23:34:47', NULL, 'huawei-watch-gt2-ldstore-10.png', 999, 0),
(252, 10, 'Huawei Watch GT 2 Elite Phiên bản 46mm', 7490000, 0, '', '', '', '', '', '', '', '', '', '', '', '2022-05-11 22:00:54', 'phongabc334', '2022-05-11 23:34:47', NULL, 'huawei-watch-gt-2-ldstore-5.jpg', 999, 0),
(253, 10, 'Huawei Watch GT 2 Elegant Phiên bản 42mm', 6590000, 0, '', '', '', '', '', '', '', '', '', '', '', '2022-05-11 22:01:13', 'phongabc334', '2022-05-11 23:34:47', NULL, 'huawei-watch-gt2-ldstore-7.png', 999, 0),
(254, 10, 'Huawei Watch GT 2 Classic Phiên bản 46mm', 6990000, 0, '', '', '', '', '', '', '', '', '', '', '', '2022-05-11 22:01:33', 'phongabc334', '2022-05-11 23:34:47', NULL, 'huawei-watch-gt-2-ldstore-3.jpg', 999, 0),
(255, 10, 'Huawei Watch GT ACTIVE ( Chính hãng )', 4990000, 34, '', '', '', '', '', '', '', '', '', '', '', '2022-05-11 22:01:49', 'phongabc334', '2022-05-11 23:34:47', NULL, 'huawei-watch-gt-active-ldstore.vn-6.png', 999, 0),
(256, 10, 'Huawei Watch GT ACTIVE Fortuna ( Chính hãng )', 4190000, 21, '', '', '', '', '', '', '', '', '', '', '', '2022-05-11 22:02:27', 'phongabc334', '2022-05-11 23:34:47', NULL, 'huawei-watch-gt-active-fortuna-ldstore.vn-3.png', 999, 0),
(257, 10, 'Huawei Watch GT Classic', 6190000, 37, '', '', '', '', '', '', '', '', '', '', '', '2022-05-11 22:02:51', 'phongabc334', '2022-05-11 23:34:47', NULL, 'ldstore.vn-huawei-watch-gt-sliver_2.png', 999, 0),
(258, 10, 'Huawei Watch GT Sport', 5190000, 21, '', '', '', '', '', '', '', '', '', '', '', '2022-05-11 22:03:11', 'phongabc334', '2022-05-11 23:34:47', NULL, 'ldstore.vn-huawei-watch-gt-black_3.png', 999, 0),
(259, 10, 'Huawei Watch Jewel Swarovski ( Mới )', 9990000, 27, '', '', '', '', '', '', '', '', '', '', '', '2022-05-11 22:03:30', 'phongabc334', '2022-05-11 23:34:47', NULL, 'ldstore.vn-huawei-watch-rose-gold-swarovski-jewelpearl-6.jpg', 999, 0),
(260, 9, 'Garmin Approach S20 ( chính hãng FPT )', 4190000, 0, '', '', '', '', '', '', '', '', '', '', '', '2022-05-11 22:04:59', 'phongabc334', '2022-05-11 23:34:47', NULL, 'Garmin-Approach-S20-02.jpg', 999, 0),
(261, 9, 'Garmin Approach S60', 8990000, 0, '', '', '', '', '', '', '', '', '', '', '', '2022-05-11 22:05:16', 'phongabc334', '2022-05-11 23:34:47', NULL, 'Approach-S60-01.jpg', 999, 0),
(262, 9, 'Garmin Approach S62', 12990000, 1, '', '', '', '', '', '', '', '', '', '', '', '2022-05-11 22:05:46', 'phongabc334', '2022-05-11 23:34:47', NULL, 'garmin-approach-s62-black-image-ldstore-2.png', 999, 0),
(263, 9, 'Garmin Fenix 3 Black ( Likenew Fullbox )', 5890000, 22, '', '', '', '', '', '', '', '', '', '', '', '2022-05-11 22:06:10', 'phongabc334', '2022-05-11 23:34:47', NULL, 'Garmin-Fenix-3-Sport-Band-01.jpg', 999, 0),
(264, 9, 'Garmin Fenix 3 Sliver ( Likenew Fullbox )', 6490000, 9, '', '', '', '', '', '', '', '', '', '', '', '2022-05-11 22:07:26', 'phongabc334', '2022-05-11 23:34:47', NULL, '5042813-SIL19.jpg', 999, 0),
(265, 9, 'Garmin Fenix 5 ( chính hãng FPT )', 14990000, 14, '', '', '', '', '', '', '', '', '', '', '', '2022-05-11 22:07:54', 'phongabc334', '2022-05-11 23:34:47', NULL, 'fenix-5-ldstore.vn-01.jpg', 999, 0),
(266, 9, 'Garmin Fenix 5 Plus ( DLC Carbon – Dây silicone )', 14990000, 0, '', '', '', '', '', '', '', '', '', '', '', '2022-05-11 22:08:12', 'phongabc334', '2022-05-11 23:34:47', NULL, 'fenix-5-plus-dlc-black-ldstore.vn-01.png', 999, 0),
(267, 9, 'Garmin Fenix 5 Plus ( DLC Titanium – Dây thép Titanium)', 24790000, 0, '', '', '', '', '', '', '', '', '', '', '', '2022-05-11 22:08:46', 'phongabc334', '2022-05-11 23:34:47', 'phongabc334', 'fenix-5x-plus-dlc-ti-gray-ldstore.vn-01.png', 999, 0),
(268, 9, 'Garmin Fenix 5 Sapphire', 12790000, 0, '', '', '', '', '', '', '', '', '', '', '', '2022-05-11 22:09:13', 'phongabc334', '2022-05-11 23:34:47', 'phongabc334', 'fenix-5-ldstore.vn-01 (1).jpg', 999, 0),
(269, 9, 'Garmin Fenix 5S Plus', 14990000, 0, '', '', '', '', '', '', '', '', '', '', '', '2022-05-11 22:11:14', 'phongabc334', '2022-05-11 23:34:47', NULL, 'fenix-5s-plus-black-image-03-ldstore.vn_.png', 999, 0),
(270, 9, 'Garmin Fenix 5x ', 13990000, 0, '', '', '', '', '', '', '', '', '', '', '', '2022-05-11 22:11:45', 'phongabc334', '2022-05-11 23:34:47', NULL, 'Garmin-Fenix-5x-01.jpg', 999, 0);

-- --------------------------------------------------------

--
-- Cấu trúc bảng cho bảng `provider`
--

CREATE TABLE `provider` (
  `id` int(11) NOT NULL,
  `name` varchar(255) COLLATE utf8_vietnamese_ci NOT NULL,
  `description` text COLLATE utf8_vietnamese_ci NOT NULL
) ENGINE=InnoDB DEFAULT CHARSET=utf8 COLLATE=utf8_vietnamese_ci;

--
-- Đang đổ dữ liệu cho bảng `provider`
--

INSERT INTO `provider` (`id`, `name`, `description`) VALUES
(1, 'Xiaomi', 'xiaomi'),
(2, 'Asus', 'asus'),
(3, 'Ticwatch', 'ticwatch'),
(4, 'Matrix', 'matrix'),
(5, 'Oppo', 'oppo'),
(6, 'Samsung', 'samsung'),
(7, 'Apple', 'apple'),
(8, 'Fibit', 'fibit'),
(9, 'Garmin', 'garmin'),
(10, 'Huawei', 'Huawei');

-- --------------------------------------------------------

--
-- Cấu trúc bảng cho bảng `users`
--

CREATE TABLE `users` (
  `id_user` int(11) NOT NULL,
  `username` varchar(255) COLLATE utf8_vietnamese_ci NOT NULL,
  `firstname` varchar(255) COLLATE utf8_vietnamese_ci NOT NULL,
  `lastname` varchar(255) COLLATE utf8_vietnamese_ci NOT NULL,
  `password` varchar(255) COLLATE utf8_vietnamese_ci NOT NULL,
  `email` varchar(255) COLLATE utf8_vietnamese_ci NOT NULL,
  `phone` bigint(20) NOT NULL,
  `address` text COLLATE utf8_vietnamese_ci DEFAULT NULL,
  `status` tinyint(1) NOT NULL DEFAULT 0,
  `role` int(11) NOT NULL DEFAULT 0
) ENGINE=InnoDB DEFAULT CHARSET=utf8 COLLATE=utf8_vietnamese_ci;

--
-- Đang đổ dữ liệu cho bảng `users`
--

INSERT INTO `users` (`id_user`, `username`, `firstname`, `lastname`, `password`, `email`, `phone`, `address`, `status`, `role`) VALUES
(33, 'phongabc334', 'Lê ', 'Phong', '$2a$15$rw2HoBdyGXti2y8KyjcuJ.rfPnJDGCg40yGYi1Rz7VpSc.LYKHT8i', 'phongabc334@gmail.com', 353825008, 'Hà nam', 0, 1),
(46, 'sanpham', 'san', 'pham', '$2a$15$9.TRwf.V0ntj1H30Gj/XwuwXabx5G.3ZKRQeBRcS03sH6oZPJuegy', 'sanpham@email.com', 123456789, 'sanpham', 0, 2),
(47, 'tintuc', 'tin', 'tuc', '$2a$15$HOn9b6rcJVJnnp0UY8i/K.mmtfMKNfcjnARbxbocG5LpiGq9Ne7i6', 'tintuc@email.com', 123456, 'tintuc', 0, 4),
(48, 'donhang', 'donhang', 'donhang', '$2a$15$7MYC.ng.Y5zuDpFoV7IxOOYKtAkO73bdhFjd2kJBrCVJoGhbq/Bhy', 'donhang@email.com', 123456, 'donhang', 0, 3),
(50, 'doanvu', 'Vũ văn', 'doan', '$2a$15$U.2sWbbO7hS63S/MAEyvVe/BdzZaVPReUVUjK8.rUwdBp3OvUMrO.', 'daubac05@gmail.com', 353825008, 'Hà lội', 0, 0),
(51, 'khanh', 'Duy', 'Khanh', '$2a$15$2vryF0qq/1pl2LT4PfN./eFMOhLySQi4ZJ0DJ7CMaG26h1MdGkkwe', 'khanh@gmail.com', 123456789, 'Hà Nội', 0, 0);

--
-- Chỉ mục cho các bảng đã đổ
--

--
-- Chỉ mục cho bảng `billdetail`
--
ALTER TABLE `billdetail`
  ADD PRIMARY KEY (`id`),
  ADD KEY `id_product` (`id_product`),
  ADD KEY `id_bills` (`id_bills`);

--
-- Chỉ mục cho bảng `bills`
--
ALTER TABLE `bills`
  ADD PRIMARY KEY (`id`),
  ADD KEY `id_user` (`id_user`);

--
-- Chỉ mục cho bảng `comments`
--
ALTER TABLE `comments`
  ADD PRIMARY KEY (`id_cmt`),
  ADD KEY `id_product` (`id_product`),
  ADD KEY `id_user` (`id_user`);

--
-- Chỉ mục cho bảng `news`
--
ALTER TABLE `news`
  ADD PRIMARY KEY (`id_news`);

--
-- Chỉ mục cho bảng `products`
--
ALTER TABLE `products`
  ADD PRIMARY KEY (`id`),
  ADD KEY `id_hangsx` (`id_hangsx`);

--
-- Chỉ mục cho bảng `provider`
--
ALTER TABLE `provider`
  ADD PRIMARY KEY (`id`);

--
-- Chỉ mục cho bảng `users`
--
ALTER TABLE `users`
  ADD PRIMARY KEY (`id_user`);

--
-- AUTO_INCREMENT cho các bảng đã đổ
--

--
-- AUTO_INCREMENT cho bảng `billdetail`
--
ALTER TABLE `billdetail`
  MODIFY `id` int(11) NOT NULL AUTO_INCREMENT, AUTO_INCREMENT=42;

--
-- AUTO_INCREMENT cho bảng `bills`
--
ALTER TABLE `bills`
  MODIFY `id` int(11) NOT NULL AUTO_INCREMENT, AUTO_INCREMENT=41;

--
-- AUTO_INCREMENT cho bảng `comments`
--
ALTER TABLE `comments`
  MODIFY `id_cmt` int(11) NOT NULL AUTO_INCREMENT, AUTO_INCREMENT=16;

--
-- AUTO_INCREMENT cho bảng `news`
--
ALTER TABLE `news`
  MODIFY `id_news` int(11) NOT NULL AUTO_INCREMENT, AUTO_INCREMENT=14;

--
-- AUTO_INCREMENT cho bảng `products`
--
ALTER TABLE `products`
  MODIFY `id` bigint(20) NOT NULL AUTO_INCREMENT, AUTO_INCREMENT=271;

--
-- AUTO_INCREMENT cho bảng `provider`
--
ALTER TABLE `provider`
  MODIFY `id` int(11) NOT NULL AUTO_INCREMENT, AUTO_INCREMENT=31;

--
-- AUTO_INCREMENT cho bảng `users`
--
ALTER TABLE `users`
  MODIFY `id_user` int(11) NOT NULL AUTO_INCREMENT, AUTO_INCREMENT=52;

--
-- Các ràng buộc cho các bảng đã đổ
--

--
-- Các ràng buộc cho bảng `billdetail`
--
ALTER TABLE `billdetail`
  ADD CONSTRAINT `billdetail_ibfk_1` FOREIGN KEY (`id_bills`) REFERENCES `bills` (`id`) ON DELETE CASCADE ON UPDATE CASCADE,
  ADD CONSTRAINT `billdetail_ibfk_2` FOREIGN KEY (`id_product`) REFERENCES `products` (`id`) ON DELETE CASCADE ON UPDATE CASCADE;

--
-- Các ràng buộc cho bảng `bills`
--
ALTER TABLE `bills`
  ADD CONSTRAINT `bills_ibfk_1` FOREIGN KEY (`id_user`) REFERENCES `users` (`id_user`) ON DELETE CASCADE ON UPDATE CASCADE;

--
-- Các ràng buộc cho bảng `comments`
--
ALTER TABLE `comments`
  ADD CONSTRAINT `comments_ibfk_1` FOREIGN KEY (`id_product`) REFERENCES `products` (`id`),
  ADD CONSTRAINT `comments_ibfk_2` FOREIGN KEY (`id_user`) REFERENCES `users` (`id_user`);

--
-- Các ràng buộc cho bảng `products`
--
ALTER TABLE `products`
  ADD CONSTRAINT `products_ibfk_1` FOREIGN KEY (`id_hangsx`) REFERENCES `provider` (`id`) ON DELETE CASCADE ON UPDATE CASCADE;
COMMIT;

/*!40101 SET CHARACTER_SET_CLIENT=@OLD_CHARACTER_SET_CLIENT */;
/*!40101 SET CHARACTER_SET_RESULTS=@OLD_CHARACTER_SET_RESULTS */;
/*!40101 SET COLLATION_CONNECTION=@OLD_COLLATION_CONNECTION */;
